Timestamp,10/20/2016 11:25:54 AM
Interval,0.000390625
Channel Name,"Sensor 0"
Unit,"V"
0,0.00096895467399999997
0.000390625,0.00086767292799999997
0.00078125,0.0023515115200000002
0.001171875,0.003029367061
0.0015625,0.00099763083099999993
0.001953125,-0.0098791745059999998
0.00234375,0.0045925226830000002
0.002734375,-0.0059267458879999997
0.003125,-0.0069206492869999994
0.003515625,-0.0028205689669999999
0.00390625,-0.0067199161880000004
0.004296875,-0.0082025345179999997
0.0046875,-0.0084862454330000003
0.005078125,-0.005560057157
0.00546875,-0.0059127128750000001
0.005859375,-0.0041555355949999999
0.00625,-0.0061891022180000001
0.006640625,-0.0057705523520000003
0.00703125,-3.2880427999999913E-05
0.007421875,0.0055272433750000001
0.0078125,0.0062648917540000003
0.008203125,-0.001179316577
0.00859375,0.010774369975
0.008984375,0.0077200541890000002
0.009375,-0.00232819325
0.009765625,0.0050446297539999997
0.01015625,0.003878669413
0.010546875,0.0089842456209999998
0.0109375,0.0086797902520000005
0.011328125,0.011850641059
0.01171875,0.0064436601370000002
0.012109375,0.0061373743749999999
0.0125,-0.00016405859300000014
0.012890625,0.0030476709910000001
0.01328125,0.0044052124659999994
0.013671875,0.00010500917800000003
0.0140625,0.00036187432900000008
0.014453125,-0.0047668868570000002
0.01484375,-0.0085008885769999997
0.015234375,-0.0081165060470000001
0.015625,-0.0025923799729999997
0.016015625,-0.014021353864999999
0.01640625,-0.0076412139979999995
0.016796875,-0.011078081921
0.0171875,-0.0073330978429999999
0.017578125,-0.010123226906
0.01796875,-0.0032250858200000001
0.018359375,-0.0052934299100000004
0.01875,-0.0021829820719999997
0.019140625,-0.0080853893659999995
0.01953125,0.0022978199919999999
0.019921875,-0.00088218277999999994
0.0203125,-2.0677808000000002E-05
0.020703125,0.0047005158699999997
0.02109375,0.0070031502640000003
0.021484375,0.0028347352719999999
0.021875,0.00024533930800000009
0.022265625,0.0030128935240000001
0.02265625,0.0046645181410000002
0.023046875,0.01042354465
0.0234375,0.007602909037
0.023828125,0.010522385872
0.02421875,0.0053997259960000005
0.024609375,0.0052935632019999995
0.025,-0.0001140278509999999
0.025390625,0.0027847045300000003
0.02578125,0.0067786220560000004
0.026171875,-0.0051598112209999998
0.0265625,0.0023014807780000002
0.026953125,-0.006699171734
0.02734375,-0.014082977096
0.027734375,-0.0051280844090000003
0.028125,-0.00097004164400000007
0.028515625,-0.0059383383770000003
0.02890625,-0.0075692185400000004
0.029296875,-0.0081512835139999993
0.0296875,-0.0080426801959999992
0.030078125,-0.0039969015349999998
0.03046875,-0.0043245418820000003
0.030859375,-0.0056564578549999998
0.03125,-0.0073434700700000001
0.031640625,-0.0023263628569999998
0.03203125,-0.00093892496299999989
0.032421875,-0.00023117300299999987
0.0328125,0.0068481769899999996
0.033203125,0.00046620672999999994
0.03359375,0.011299082635000001
0.033984375,0.0015559006960000001
0.034375,0.0064808781280000002
0.034765625,0.0053185785729999999
0.03515625,0.006015348175
0.035546875,0.011732885776000001
0.0359375,0.01186955512
0.036328125,0.010523606134
0.03671875,0.0064912503550000004
0.037109375,0.002300870647
0.0375,-0.0005667450529999998
0.037890625,0.001780428904
0.03828125,-0.00041909335100000005
0.038671875,-0.0042909846769999998
0.0390625,0.00200373685
0.039453125,-0.00050146103599999978
0.03984375,-0.010495406816000001
0.040234375,-0.00063446959400000015
0.040625,-0.0030182514110000001
0.041015625,-0.0086857582699999998
0.04140625,-0.0088687975699999998
0.041796875,-0.012418539728
0.0421875,-0.009116510756
0.042578125,-0.0039908002249999996
0.04296875,-0.0035588274769999999
0.043359375,-0.0075582361819999996
0.04375,-0.0079554314630000001
0.044140625,-0.0023330742979999998
0.04453125,0.0032496243519999999
0.044921875,-0.0031292952530000001
0.0453125,0.010575467268999999
0.045703125,0.0023252758870000003
0.04609375,0.011514458878000001
0.046484375,0.0037340683659999999
0.046875,-0.0027650470460000003
0.047265625,0.0069555600460000002
0.04765625,0.0093399519939999995
0.048046875,0.0097231142619999995
0.0484375,0.0094613680629999988
0.048828125,0.010253318100999999
0.04921875,0.0065339595249999998
0.049609375,0.00030635240800000007
0.05,0.00047047764699999998
0.050390625,0.0013472358939999999
0.05078125,0.0079744788160000003
0.051171875,0.0048963679210000007
0.0515625,-0.0084862454330000003
0.051953125,-0.001436181728
0.05234375,-0.0051213729680000004
0.052734375,-0.00015856741399999995
0.053125,-0.0072848974939999991
0.053515625,-0.010427072144
0.05390625,-0.0086949102350000005
0.054296875,-0.0092287748600000004
0.0546875,-0.0065795860580000008
0.055078125,-0.0039261263390000002
0.05546875,-0.0044721935839999996
0.055859375,-0.0079261451749999996
0.05625,-0.0022604687090000001
0.056640625,-0.004114046687
0.05703125,0.00098725860400000016
0.057421875,0.0028444973679999999
0.0578125,0.0071166346300000002
0.058203125,0.0038823301989999999
0.05859375,0.0029207637429999999
0.058984375,0.0047175995379999999
0.059375,-0.001583223299
0.059765625,0.0048524384889999999
0.06015625,0.011510187961
0.060546875,0.010884193554999999
0.0609375,0.0069043090419999998
0.061328125,0.0087084664090000003
0.06171875,0.00427952548
0.062109375,0.0032862322120000001
0.0625,0.00097627624599999998
0.062890625,0.0028957483720000003
0.06328125,0.0021001375480000002
0.063671875,5.2537912000000112E-05
0.0640625,0.00011843206000000011
0.064453125,-0.0093251755580000002
0.06484375,-0.011001815546
0.065234375,0.0014186212210000001
0.065625,-0.0044410769029999998
0.066015625,-0.0085179722449999998
0.06640625,-0.0059243053639999998
0.066796875,-0.0077516477089999997
0.0671875,-0.0049962961129999999
0.067578125,-0.0046296073820000002
0.06796875,-0.0037455275630000001
0.068359375,-0.0066344978479999997
0.06875,-0.0039761570810000002
0.069140625,-0.0080890501519999998
0.06953125,-0.00016954977200000013
0.069921875,0.003181899811
0.0703125,-0.00075649579400000012
0.070703125,0.014677988112999999
0.07109375,0.0017779883800000001
0.071484375,-0.0009511275829999998
0.071875,0.0031922720380000002
0.072265625,0.0063076009239999998
0.07265625,0.013121543931999999
0.073046875,0.011613910231
0.0734375,0.011069063248
0.073828125,0.0083381168920000012
0.07421875,0.005392404424
0.074609375,-0.0014563160509999998
0.075,0.0027999578050000003
0.075390625,-0.0026942718499999999
0.07578125,0.0048707424190000004
0.076171875,0.001006782796
0.0765625,-0.0084691617650000002
0.076953125,-0.0053068527920000002
0.07734375,-0.012884679812
0.077734375,-0.00010121510000000002
0.078125,-0.007999360895
0.078515625,-0.0094014419330000001
0.07890625,-0.01011346481
0.079296875,-0.0076052162690000008
0.0796875,-0.0054789097340000002
0.080078125,-0.0024685233799999996
0.08046875,-0.0051781151510000003
0.080859375,-0.004159806512
0.08125,-0.0042732908779999999
0.081640625,0.00060897738400000011
0.08203125,-0.010712613451999999
0.082421875,0.0049317555190000004
0.0828125,0.0023081922190000001
0.083203125,0.00070476795099999991
0.08359375,0.013628562792999999
0.083984375,-0.0019859097590000001
0.084375,0.0034906260970000002
0.084765625,0.0087011448369999998
0.08515625,0.013285669171000001
0.085546875,0.009353985007
0.0859375,0.0071361588220000003
0.086328125,0.0065589748960000003
0.08671875,0.00066144865000000003
0.087109375,-0.0012073826030000001
0.0875,0.00031184358700000006
0.087890625,0.0033020956179999998
0.08828125,0.001713314494
0.088671875,1.1049003999999939E-05
0.0890625,-0.010375211008999999
0.089453125,-0.0040627956829999996
0.08984375,0.00056748847599999994
0.090234375,-0.012508228985
0.090625,-0.0073251661400000005
0.091015625,-0.0090829535510000003
0.09140625,-0.0069462747889999996
0.091796875,-0.0090530571319999992
0.0921875,-0.0053947116559999999
0.092578125,-0.004630217513
0.09296875,-0.0079505504150000003
0.093359375,-0.0060664658869999995
0.09375,0.00053881231900000008
0.094140625,-0.0056082575059999999
0.09453125,0.0054692809300000006
0.094921875,0.0039762903730000002
0.0953125,0.0087365324349999995
0.095703125,0.0069885071200000001
0.09609375,0.0073612971609999999
0.096484375,0.0076669727919999996
0.096875,0.0021141705610000002
0.097265625,0.011256983595999999
0.09765625,0.012459551797
0.098046875,0.011641976256999999
0.0984375,0.0093912029979999999
0.098828125,0.0098542924270000002
0.09921875,0.00063399275499999991
0.099609375,0.00028499782299999991
0.1,0.002933576494
0.100390625,0.004784713948
0.10078125,-0.00097492269199999987
0.101171875,-0.00029279623400000005
0.1015625,-0.001766262599
0.101953125,-0.001340391161
0.10234375,-0.0047058737570000002
0.102734375,-0.011336777465
0.103125,-0.0062812319990000007
0.103515625,-0.0091396957339999994
0.10390625,-0.0097534875199999996
0.104296875,-0.0063971568889999997
0.1046875,-0.003081705035
0.105078125,-0.003920025029
0.10546875,-0.0083721509359999998
0.105859375,-0.0031762753399999996
0.10625,-0.0036125190050000002
0.106640625,-0.0017137913330000001
0.10703125,0.000816421924
0.107421875,-0.003824234462
0.1078125,0.011557778179
0.108203125,0.0028652418220000003
0.10859375,0.0055119901000000001
0.108984375,0.0022538905600000001
0.109375,0.0059427425860000003
0.109765625,0.010743253293999999
0.11015625,0.011720683156
0.110546875,0.010733491198
0.1109375,0.010577907793
0.111328125,0.0066047347210000003
0.11171875,0.0021825052329999999
0.112109375,0.00163765825
0.1125,0.0004119050710000001
0.112890625,0.0086383013439999996
0.11328125,8.9755903000000034E-05
0.113671875,2.5082016999999988E-05
0.1140625,-0.0075557956580000005
0.114453125,-0.0043806739339999996
0.11484375,-0.0035307614509999998
0.115234375,-0.0072977102450000001
0.115625,-0.0091842352969999999
0.116015625,-0.0081726380990000003
0.11640625,-0.0084014372240000003
0.116796875,-0.0059755563680000002
0.1171875,-0.0050798840600000004
0.117578125,-0.004061575421
0.11796875,-0.0059639638789999996
0.118359375,-0.0056796428330000001
0.11875,-0.0029303925470000004
0.119140625,-0.0029126987479999996
0.11953125,0.0078182852800000001
0.119921875,-9.6954500000000395E-06
0.1203125,0.0088854043989999992
0.120703125,0.0010025118790000002
0.12109375,0.00039482140299999997
0.121484375,0.0040244907220000001
0.121875,0.0064009509669999999
0.122265625,0.012782311096000001
0.12265625,0.0079836307809999993
0.123046875,0.011128856086
0.1234375,0.0079610559340000005
0.123828125,0.0047206501929999995
0.12421875,-0.001119523739
0.124609375,-0.0024660828559999997
0.125,0.00088841738199999995
0.125390625,0.003454018237
0.12578125,0.0081379939240000011
0.126171875,-0.0082794110240000003
0.1265625,0.00024289878399999998
0.126953125,-0.0034288695739999996
0.12734375,-0.0027485735089999999
0.127734375,-0.0051939785570000001
0.128125,-0.0090286518920000003
0.128515625,-0.0080390194100000006
0.12890625,-0.0099786258589999993
0.129296875,-0.0055173479869999997
0.1296875,-0.004175059787
0.130078125,-0.0030005576120000002
0.13046875,-0.0044758543699999999
0.130859375,-0.0029663902759999999
0.13125,-0.0051537099109999996
0.131640625,0.0038280285399999998
0.13203125,-0.002722337876
0.132421875,0.0021318643600000001
0.1328125,0.011769493636
0.133203125,0.0067725207460000002
0.13359375,-0.0032269162130000003
0.133984375,0.0038878213779999999
0.134375,0.0083008989009999996
0.134765625,0.012851255899
0.13515625,0.0099549640419999991
0.135546875,0.0094052360110000004
0.1359375,0.008391198289
0.136328125,0.0042941686240000002
0.13671875,0.00013124481099999999
0.137109375,0.0030165543099999999
0.1375,-0.0028705997089999999
0.137890625,-0.0027174568280000002
0.13828125,-0.00079737457099999989
0.138671875,-0.0077699516389999994
0.1390625,-0.002718066959
0.139453125,-0.0061884920869999995
0.13984375,-0.0059779968920000001
0.140234375,-0.0072708644810000004
0.140625,-0.010250744285
0.141015625,-0.0094819792249999993
0.14140625,-0.0075448132999999997
0.141796875,-0.0053953217869999997
0.1421875,-0.0022220304559999998
0.142578125,-0.0069456646580000007
0.14296875,-0.0067479822139999996
0.143359375,-0.0021683389280000003
0.14375,0.00073771502500000002
0.144140625,-0.0086796569600000005
0.14453125,-3.4710821000000051E-05
0.144921875,0.00830639008
0.1453125,0.0082404959320000002
0.145703125,0.0054625694889999998
0.14609375,0.0044601242560000001
0.146484375,0.0049476189250000002
0.146875,0.0088353736570000001
0.147265625,0.011253932941
0.14765625,0.0087218892910000002
0.148046875,0.010580348317000001
0.1484375,0.0051038124609999996
0.148828125,0.0019250299510000001
0.14921875,-0.00019090435699999986
0.149609375,-0.0011219642629999999
0.15,0.0061886253790000003
0.150390625,0.000621790135
0.15078125,0.00062240026599999997
0.151171875,-0.0045899488670000004
0.1515625,-0.0067400505110000002
0.151953125,0.0049701937719999999
0.15234375,-0.0039102629329999996
0.152734375,-0.008251955129
0.153125,-0.011255019910999999
0.153515625,-0.010120786382000001
0.15390625,-0.0072122919049999994
0.154296875,-0.0033178257319999996
0.1546875,-0.0019236763970000002
0.155078125,-0.0057028278110000004
0.15546875,-0.0052696348010000003
0.155859375,-0.0023050082719999997
0.15625,0.0021715228749999999
0.156640625,-0.0028583970889999996
0.15703125,-0.0011170832150000001
0.157421875,0.014661514576
0.1578125,0.0036388879300000001
0.158203125,0.0044302278369999998
0.15859375,0.0078066927910000004
0.158984375,0.004192276747
0.159375,0.010613905522
0.159765625,0.012246005947
0.16015625,0.009338731732
0.160546875,0.0097761956590000001
0.1609375,0.005407657699
0.161328125,0.0027438257530000001
0.16171875,0.0038420615529999999
0.162109375,0.0045961834690000005
0.1625,0.013555957204
0.162890625,-0.0024166622450000003
0.16328125,-0.0081445720729999994
0.163671875,-0.00098834557400000016
0.1640625,-0.0015008556139999999
0.164453125,-0.0077620199359999999
0.16484375,-0.0046710962900000002
0.165234375,-0.0079182134720000002
0.165625,-0.0092287748600000004
0.166015625,-0.0088352403650000001
0.16640625,-0.004876100306
0.166796875,-0.0038175230210000001
0.1671875,-0.0033025724569999996
0.167578125,-0.0095100452510000003
0.16796875,-0.0027131859110000002
0.168359375,-0.0052537713949999997
0.16875,0.0032099658370000001
0.169140625,0.0036376676679999997
0.16953125,0.0030678053140000003
0.169921875,0.0046663485339999995
0.1703125,0.0077572721800000001
0.170703125,-0.001867544345
0.17109375,0.00085058926000000006
0.171484375,0.0072996739300000002
0.171875,0.01010017522
0.172265625,0.01315083022
0.17265625,0.010401579934
0.173046875,0.010239285088
0.1734375,0.003596788891
0.173828125,-0.00068083954999999989
0.17421875,-0.0011622329089999999
0.174609375,0.001642539298
0.175,0.0039171076659999995
0.175390625,-0.0022836536870000004
0.17578125,0.005427181891
0.176171875,-0.0048876927949999998
0.1765625,-0.00077663011699999991
0.176953125,-0.0065277249229999997
0.17734375,-0.0080603739949999999
0.177734375,-0.0073422498080000006
0.178125,-0.0097632496159999992
0.178515625,-0.0079115020310000003
0.17890625,-0.0056375437940000004
0.179296875,-0.0040981832810000002
0.1796875,-0.0070097284130000003
0.180078125,-0.0086229147769999997
0.18046875,-0.0053861698219999999
0.180859375,-0.0030170311489999997
0.18125,0.0040537770100000006
0.181640625,0.0053259001449999996
0.18203125,0.004440600064
0.182421875,0.0051410304519999995
0.1828125,0.0092490424750000001
0.183203125,-0.0020682774439999998
0.18359375,0.00084143729500000001
0.183984375,0.0088854043989999992
0.184375,0.011682855034
0.184765625,0.010915920367000001
0.18515625,0.009499806316
0.185546875,0.0059842314940000002
0.1859375,0.0036407183230000003
0.186328125,-0.00041909335100000005
0.18671875,0.0017157550179999999
0.187109375,0.0015967794730000001
0.1875,0.0069891172509999999
0.187890625,-0.0012671754410000001
0.18828125,-0.0059401687700000004
0.188671875,-0.0058218033559999998
0.1890625,-0.0011427087169999998
0.189453125,-0.0009621099410000002
0.18984375,-0.010508829698000001
0.190234375,-0.0048437633629999999
0.190625,-0.0093892393129999998
0.191015625,-0.0080188850869999991
0.19140625,-0.005059139606
0.191796875,-0.00179127797
0.1921875,-0.0062916042259999992
0.192578125,-0.0064429167139999997
0.19296875,-0.0062952650119999995
0.193359375,0.00082984480599999997
0.19375,0.00053515153300000002
0.194140625,-0.0043245418820000003
0.19453125,0.0064497614470000004
0.194921875,0.0075559289499999996
0.1953125,0.0070196238009999998
0.195703125,-0.0039456505310000002
0.19609375,0.0049488391870000006
0.196484375,0.010654784299000001
0.196875,0.012331424287000001
0.197265625,0.0097713146110000003
0.19765625,0.0092203663180000003
0.198046875,0.0067182190870000002
0.1984375,0.001725517114
0.198828125,-0.001456926182
0.19921875,0.0039622573600000006
0.199609375,0.0055778842479999998
0.2,-0.0016015272290000001
0.200390625,0.0042209529039999999
0.20078125,-0.0083892346039999999
0.201171875,-0.00031476094999999997
0.2015625,-0.00031659134300000011
0.201953125,-0.0067717773229999997
0.20234375,-0.0079041804589999997
0.202734375,-0.0090298721539999998
0.203125,-0.0078071696299999993
0.203515625,-0.010112854679
0.20390625,-0.0036491268650000004
0.204296875,-0.0051140513959999998
0.2046875,-0.0050152101740000002
0.205078125,-0.0059047811719999998
0.20546875,-0.0023330742979999998
0.205859375,-0.0076058263999999997
0.20625,0.006964712011
0.206640625,0.00090184026400000003
0.20703125,0.004945788532
0.207421875,0.0061434756850000001
0.2078125,0.0031367501169999997
0.208203125,0.0064436601370000002
0.20859375,0.0047371237299999999
0.208984375,0.010934224297
0.209375,0.010720068316
0.209765625,0.010485167881
0.21015625,0.0092941921690000012
0.210546875,0.0068701417060000004
0.2109375,0.001476583666
0.211328125,0.00028377756099999996
0.21171875,0.0074711207409999996
0.212109375,0.0060580573450000003
0.2125,-0.004704043364
0.212890625,-0.0036314330659999996
0.21328125,-0.0050945272039999998
0.213671875,-0.00099627727700000003
0.2140625,-0.0037906772570000004
0.214453125,-0.0012744970129999998
0.21484375,-0.0093440896190000004
0.215234375,-0.0097211505769999994
0.215625,-0.011025610655
0.216015625,-0.0067034426509999991
0.21640625,-0.0048034947170000003
0.216796875,-0.0037308844189999999
0.2171875,-0.0075173574049999994
0.217578125,-0.0081390808940000007
0.21796875,-0.0073062520790000002
0.218359375,-0.010365448913
0.21875,0.0063259048540000003
0.219140625,0.0039756802420000004
0.21953125,0.0083539802980000001
0.219921875,0.0065016225819999997
0.2203125,0.0026205792909999998
0.220703125,0.0047780025070000001
0.22109375,0.0051434709760000002
0.221484375,0.014562063223000001
0.221875,0.0094534363600000011
0.222265625,0.011554117393
0.22265625,0.0097951097200000004
0.223046875,0.0077438492980000002
0.2234375,0.001192872751
0.223828125,0.001867067506
0.22421875,0.0014601101290000001
0.224609375,0.010400969802999999
0.225,-0.0052885488619999997
0.225390625,-0.0044355857240000003
0.22578125,-0.0037107500960000001
0.226171875,-0.005877935408
0.2265625,-0.0024679132489999998
0.226953125,-0.010512490483999999
0.22734375,-0.0057449268500000001
0.227734375,-0.010858434760999999
0.228125,-0.0076936852639999994
0.228515625,-0.0071909373200000001
0.22890625,-0.0034764597919999998
0.229296875,-0.0049853137549999999
0.2296875,-0.0076406038670000006
0.230078125,-0.0095905825429999994
0.23046875,0.0026876937009999999
0.230859375,0.0011355204370000001
0.23125,0.0015857971150000001
0.231640625,0.0036584121220000002
0.23203125,0.0062783146360000002
0.232421875,0.0025662776320000001
0.2328125,0.0035522493279999999
0.233203125,0.005357626957
0.23359375,0.0093881523430000002
0.233984375,0.013209402796000001
0.234375,0.0089037083290000006
0.234765625,0.0099262878849999993
0.23515625,0.0075150501730000003
0.235546875,0.0041587195420000004
0.2359375,-0.0012342283669999998
0.236328125,0.001273410043
0.23671875,-0.0023227020710000004
0.237109375,0.0042673228600000005
0.2375,-0.0057784840549999997
0.237890625,-0.0043690814449999999
0.23828125,-0.0039798178669999996
0.238671875,0.0014289934479999999
0.2390625,-0.0075063750470000003
0.239453125,-0.010823657294
0.23984375,-0.0071171114689999992
0.240234375,-0.0086497605409999994
0.240625,-0.0076046061380000002
0.241015625,-0.0050640206539999998
0.24140625,-0.002829110801
0.241796875,-0.0059981312149999999
0.2421875,-0.0084752630749999995
0.242578125,-0.0018712051309999998
0.24296875,-0.0016741328179999998
0.243359375,0.0036931895890000002
0.24375,-0.0013867611169999998
0.244140625,-0.00021469946599999993
0.24453125,0.011699938702
0.244921875,0.00062484079000000008
0.2453125,0.0066346311399999996
0.245703125,0.0029201536120000001
0.24609375,0.0095534978439999994
0.246484375,0.012669436861
0.246875,0.0096224426470000006
0.247265625,0.0098695457020000002
0.24765625,0.0087645984610000005
0.248046875,0.00079994838699999995
0.2484375,0.0019000145800000001
0.248828125,0.0022545006909999998
0.24921875,0.0086419621299999999
0.249609375,0.0055052786590000001
0.25,-0.0021286804129999996
0.250390625,-0.00018663343999999983
0.25078125,-0.012259905668000001
0.251171875,-0.0039169743740000004
0.2515625,0.001769446546
0.251953125,-0.0071024683249999998
0.25234375,-0.0087077229859999997
0.252734375,-0.010151903063
0.253125,-0.0055759205629999998
0.253515625,-0.0064575598580000008
0.25390625,-0.0025630936850000001
0.254296875,-0.0069218695490000006
0.2546875,-0.0060274175029999995
0.255078125,-0.0090548875249999994
0.25546875,-0.0036119088739999996
0.255859375,-0.00024520601599999992
0.25625,0.00027706612000000003
0.256640625,0.0061758126280000002
0.25703125,0.0059000334159999999
0.257421875,0.002696235535
0.2578125,0.00065229668499999999
0.258203125,0.006681611227
0.25859375,0.0081941259759999996
0.258984375,0.011450395122999999
0.259375,0.0078573336640000001
0.259765625,0.0088988272809999991
0.26015625,0.005255124949
0.260546875,-0.00014148374600000003
0.2609375,-0.0010200723860000001
0.261328125,0.0022124016520000001
0.26171875,-0.0049407741920000003
0.262109375,-0.0057351647539999996
0.2625,-0.0025594328989999998
0.262890625,0.00084265755699999996
0.26328125,-0.0085301748650000002
0.263671875,-0.0079895987990000004
0.2640625,-0.0047052636259999996
0.264453125,-0.0073312674499999998
0.26484375,-0.010576554239000001
0.265234375,-0.0080194952179999997
0.265625,-0.0072629327779999992
0.266015625,-0.0055380924410000001
0.26640625,-0.0034276493120000001
0.266796875,-0.0067876407290000003
0.2671875,-0.0078090000229999994
0.267578125,-0.00075405526999999979
0.26796875,-0.0031219736809999996
0.268359375,0.0047072273109999997
0.26875,0.0060000949
0.269140625,0.001587017377
0.26953125,0.011761561933
0.269921875,0.00033990961299999994
0.2703125,0.00089573895399999996
0.270703125,0.0042276643449999998
0.27109375,0.012646251883
0.271484375,0.013407695371000001
0.271875,0.011448564729999999
0.272265625,0.0095705815119999996
0.27265625,0.0070470796960000002
0.273046875,0.0026541364960000003
0.2734375,0.00065534734000000008
0.273828125,0.0040690302850000006
0.27421875,0.003306976666
0.274609375,-0.0040749983029999999
0.275,0.0017828694280000001
0.275390625,-0.0066540220400000006
0.27578125,0.002250839905
0.276171875,-0.0072964899830000006
0.2765625,-0.0094557435920000002
0.276953125,-0.0091604401879999998
0.27734375,-0.009208030406
0.277734375,-0.0074331593269999999
0.278125,-0.0048089858959999999
0.278515625,-0.0029511370009999999
0.27890625,-0.0056003258029999996
0.279296875,-0.004218379088
0.2796875,-0.0086772164359999997
0.280078125,0.00085486017699999998
0.28046875,-0.0014825516839999998
0.280859375,0.0026041057540000002
0.28125,0.004845727048
0.281640625,0.0077835078130000001
0.28203125,0.011494934686
0.282421875,-0.00018236252299999979
0.2828125,0.004122721813
0.283203125,0.0046071658269999996
0.28359375,0.012338745859
0.283984375,0.010379005086999999
0.284375,0.010715797399000001
0.284765625,0.0080336615230000002
0.28515625,0.0034314433899999999
0.285546875,-0.001416657536
0.2859375,0.0011147759830000001
0.286328125,0.001255106113
0.28671875,-0.0037656618859999999
0.287109375,0.003824367754
0.2875,-0.0080243762659999995
0.287890625,-0.0038028798769999999
0.28828125,-0.0060682962799999997
0.288671875,-0.0071506686740000006
0.2890625,-0.0045850678189999997
0.289453125,-0.008550309188
0.28984375,-0.0091311538999999994
0.290234375,-0.0093794772170000002
0.290625,-0.0047681071189999997
0.291015625,-0.0030237425899999996
0.29140625,-0.0076070466619999992
0.291796875,-0.0070237614260000008
0.2921875,-0.0030890266069999997
0.292578125,-0.0069535963610000001
0.29296875,0.0034851349179999998
0.293359375,-0.0029456458220000004
0.29375,0.0069311548060000004
0.294140625,0.0080330513920000013
0.29453125,0.0073692288640000003
0.294921875,0.0078622147119999999
0.2953125,0.0039781207659999995
0.295703125,0.011567540275
0.29609375,0.010150205961999999
0.296484375,0.010578517924000001
0.296875,0.012850645767999999
0.297265625,0.0082624606480000001
0.29765625,0.00099641056899999999
0.298046875,0.00093417720700000005
0.2984375,-0.00055454243299999989
0.298828125,0.010612685259999999
0.29921875,0.001178839738
0.299609375,-0.0062549963659999999
0.3,0.0045662870499999994
0.300390625,0.003870127579
0.30078125,0.0010427805250000002
0.301171875,-0.010746170657000001
0.3015625,-0.0053941015250000002
0.301953125,-0.0080335282310000002
0.30234375,-0.0083440849100000006
0.302734375,-0.0086338971350000005
0.303125,-0.0047083142810000001
0.303515625,-0.0031280749909999997
0.30390625,-0.0044587707019999997
0.304296875,-0.0071213823860000001
0.3046875,-0.002070107837
0.305078125,-0.0057760435309999998
0.30546875,0.001699281481
0.305859375,-0.001073763914
0.30625,0.0069250534960000002
0.306640625,0.0057493310590000001
0.30703125,0.012066017302
0.307421875,0.0075254223999999996
0.3078125,0.0033954456609999999
0.308203125,0.010001944129
0.30859375,0.011250882286
0.308984375,0.011365586913999999
0.309375,0.0097237243930000002
0.309765625,0.0064692856389999996
0.31015625,-0.0006350797249999999
0.310546875,-0.0016167805040000001
0.3109375,0.0020019064569999998
0.311328125,0.0023075820879999999
0.31171875,-0.002160407225
0.312109375,0.0061385946370000003
0.3125,-0.004688790089
0.312890625,-0.001802260328
0.31328125,-0.0017845665290000001
0.313671875,-0.0077894758310000003
0.3140625,-0.0090445152979999992
0.314453125,-0.0077540882330000005
0.31484375,-0.010275149524999999
0.315234375,-0.0096845427170000001
0.315625,-0.0039456505310000002
0.316015625,-0.0059676246649999999
0.31640625,-0.0068462133049999995
0.316796875,-0.0054789097340000002
0.3171875,-0.003471578744
0.317578125,-0.0063459058849999993
0.31796875,0.0087999860590000003
0.318359375,0.0031080739599999999
0.31875,0.0017670060219999999
0.319140625,0.015169143568000001
0.31953125,0.001629116416
0.319921875,0.0018597459340000001
0.3203125,0.0048640309780000005
0.320703125,0.0087499553169999994
0.32109375,0.0094943151369999996
0.321484375,0.012175840881999999
0.321875,0.0091746064930000003
0.322265625,0.0030916004229999999
0.32265625,-0.00081811902499999986
0.323046875,0.00082435362699999999
0.3234375,0.00070293755799999999
0.323828125,0.0029219840050000003
0.32421875,-0.00090902854400000009
0.324609375,-0.00034160671400000012
0.325,-0.0042220398740000003
0.325390625,-0.0064282735700000003
0.32578125,-0.0040347296570000003
0.326171875,-0.0068547551389999996
0.3265625,-0.0071610409010000008
0.326953125,-0.0089115067400000001
0.32734375,-0.0089493348620000007
0.327734375,-0.0057967879850000003
0.328125,-0.0039377188279999999
0.328515625,-0.0040688969929999997
0.32890625,-0.0069407836099999991
0.329296875,-0.003747968087
0.3296875,0.0012209387769999999
0.330078125,-0.0025972610210000004
0.33046875,0.00044363188300000004
0.330859375,0.0069055293040000002
0.33125,0.0097920590650000007
0.331640625,0.0033600580630000002
0.33203125,0.002145287242
0.332421875,-0.001311104873
0.3328125,0.0086145062349999996
0.333203125,0.0093124960989999991
0.33359375,0.0091825381959999997
0.333984375,0.010888464472
0.334375,0.0081001658020000006
0.334765625,0.0058676964729999998
0.33515625,-0.0019566234710000001
0.335546875,0.001865237113
0.3359375,-0.0011152528219999999
0.336328125,0.00086523240399999997
0.33671875,0.0013728613960000001
0.337109375,-0.0052385181199999997
0.3375,-0.0044697530599999997
0.337890625,-0.002909648093
0.33828125,-0.0091824049039999998
0.338671875,-0.010292233192999999
0.3390625,-0.0088443923300000008
0.339453125,-0.0071189418619999993
0.33984375,-0.0073385890220000003
0.340234375,-0.0064886765389999997
0.340625,-0.0046466910500000003
0.341015625,-0.0037949481740000004
0.34140625,-0.0085002784460000008
0.341796875,-0.004087811054
0.3421875,0.0016809775509999999
0.342578125,-0.0024447282710000004
0.34296875,-0.0048510849349999996
0.343359375,0.0045614060019999996
0.34375,0.0090507499000000002
0.344140625,0.0036150928210000001
0.34453125,0.00094882035099999997
0.344921875,0.0016413190360000001
0.3453125,0.010364361943
0.345703125,0.0098298871869999995
0.34609375,0.012272241580000001
0.346484375,0.0077914395160000004
0.346875,0.0073838720079999996
0.347265625,0.002325886018
0.34765625,0.0016120327480000001
0.348046875,-0.00065887483399999997
0.3484375,0.0089885165380000007
0.348828125,0.0035943483670000001
0.34921875,-0.0041055048529999999
0.349609375,-0.0031463789210000002
0.35,-0.0044911076449999998
0.350390625,-0.0036973272140000003
0.35078125,-0.0034227682640000003
0.351171875,-0.0065423680670000008
0.3515625,-0.0071451774950000001
0.351953125,-0.007533220811
0.35234375,-0.010120176251
0.352734375,-0.0023196514159999999
0.353125,-0.0051085602170000003
0.353515625,-0.0056607287719999998
0.35390625,-0.0084831947780000007
0.354296875,9.7077474999999937E-05
0.3546875,-0.0033587045089999998
0.355078125,0.00158274646
0.35546875,0.0023142935289999999
0.355859375,0.012886643497
0.35625,0.0098457505930000001
0.356640625,0.0043271156980000001
0.35703125,0.0059097955120000004
0.357421875,0.0029158826950000001
0.3578125,0.009058071471999999
0.358203125,0.010585839495999999
0.35859375,0.010750574866
0.358984375,0.0082179210849999997
0.359375,0.0050751363039999997
0.359765625,0.0041892260920000004
0.36015625,-0.0030322844239999997
0.360546875,0.0061025969079999999
0.3609375,0.002593733527
0.361328125,0.001000071355
0.36171875,-0.002164678142
0.362109375,-0.004891353581
0.3625,-0.0019139143010000002
0.362890625,-0.0053709165469999999
0.36328125,-0.0070957568839999999
0.363671875,-0.0076381633429999998
0.3640625,-0.0094520828059999999
0.364453125,-0.0075734894569999996
0.36484375,-0.0071250431720000004
0.365234375,-0.0038821969070000004
0.365625,-0.0030688922839999999
0.366015625,-0.0080792880560000002
0.36640625,-0.0052824475520000004
0.366796875,-0.002045092466
0.3671875,-0.0078138810709999992
0.367578125,0.0044656154350000005
0.36796875,0.0034582891540000001
0.368359375,0.0053094266080000001
0.36875,0.0051758079190000004
0.369140625,0.0077102920929999997
0.36953125,0.00030330175299999999
0.369921875,0.00424901893
0.3703125,0.0090318358389999999
0.370703125,0.011028794602
0.37109375,0.011172175386999999
0.371484375,0.0098823584529999994
0.371875,0.0062392662520000001
0.372265625,0.00037956812799999997
0.37265625,0.00029170926400000005
0.373046875,0.0052276690539999997
0.3734375,0.0050427993609999996
0.373828125,-0.00071195623100000008
0.37421875,-0.0020158061779999999
0.374609375,-0.0090615989659999993
0.375,-0.00081384810799999983
0.375390625,-0.0050463268549999999
0.37578125,-0.010015233719
0.376171875,-0.0070164398540000002
0.3765625,-0.011048795633
0.376953125,-0.0084734326819999994
0.37734375,-0.0081628760030000008
0.377734375,-0.0056326627459999997
0.378125,-0.0033092838980000004
0.378515625,-0.0058309553209999997
0.37890625,-0.005915153399
0.379296875,-0.0046442505259999996
0.3796875,-0.0065716543549999996
0.380078125,0.00217457353
0.38046875,0.0082868658880000008
0.380859375,0.0089067589840000003
0.38125,0.0037194252220000001
0.381640625,-0.0013898117719999999
0.38203125,0.00021849354399999994
0.382421875,0.0046358419839999995
0.3828125,0.010297857664
0.383203125,0.01179023809
0.38359375,0.012021477738999999
0.383984375,0.0080983354089999987
0.384375,0.0026163083740000002
0.384765625,-0.0012147041749999998
0.38515625,0.0017017220050000001
0.385546875,0.00071758070200000001
0.3859375,0.0049128414580000002
0.386328125,-0.0019761476630000001
0.38671875,-0.0087900906710000008
0.387109375,0.0052953935949999996
0.3875,-0.0037845759470000002
0.387890625,-0.0065136919099999992
0.38828125,-0.005655847724
0.388671875,-0.009055497656
0.3890625,-0.0095295694429999994
0.389453125,-0.0082629374870000008
0.38984375,-0.0058187527010000002
0.390234375,-0.0050768334049999999
0.390625,-0.0033263675659999997
0.391015625,-0.0069438342650000005
0.39140625,-0.0027662673079999998
0.391796875,-0.0048553558519999996
0.3921875,0.002625460339
0.392578125,0.0028762241800000003
0.39296875,0.0012215489080000001
0.393359375,0.015614539198
0.39375,0.0028505986780000001
0.394140625,-0.0036088582189999999
0.39453125,0.001389945064
0.394921875,0.0091587430869999997
0.3953125,0.0094546566219999989
0.395703125,0.008607184662999999
0.39609375,0.0098817483220000005
0.396484375,0.007968377506000001
0.396875,0.0028054489839999999
0.397265625,-0.0020835307189999998
0.39765625,0.0014033679460000001
0.398046875,0.0010696262889999999
0.3984375,0.0042276643449999998
0.398828125,-0.0066613436119999994
0.39921875,-0.0088748988800000008
0.399609375,-0.00091207919900000017
0.4,-0.0071311444819999997
0.400390625,-0.001660709936
0.40078125,-0.0089230992289999998
0.401171875,-0.0082440234260000005
0.4015625,-0.0069615280639999996
0.401953125,-0.0086784366979999993
0.40234375,-0.0043715219689999998
0.402734375,-0.0062696395099999993
0.403125,-0.0049316222269999996
0.403515625,-0.0051848265920000003
0.40390625,-0.0019004914189999999
0.404296875,-0.0036643801400000004
0.4046875,-0.00801461417
0.405078125,0.010139833734999999
0.40546875,0.011386941499
0.405859375,0.00014100690700000001
0.40625,-0.0039596835439999999
0.406640625,0.00019652882800000001
0.40703125,0.001781039035
0.407421875,0.012075779397999999
0.4078125,0.01235765992
0.408203125,0.011227087177
0.40859375,0.011530322284
0.408984375,0.0059964341139999997
0.409375,0.00517031674
0.409765625,-0.0001671092479999998
0.41015625,-0.0014532653960000002
0.410546875,0.0031221069729999999
0.4109375,0.00046437633700000002
0.411328125,-0.001921846004
0.41171875,-0.0046808583859999997
0.412109375,-0.0050890360250000002
0.4125,-0.0063489565400000007
0.412890625,-0.0060780583759999993
0.41328125,-0.0087888704089999995
0.413671875,-0.0089572665650000001
0.4140625,-0.0079523808080000005
0.414453125,-0.0079249249130000001
0.41484375,-0.004921860131
0.415234375,-0.0027351506270000001
0.415625,-0.0083001554780000007
0.416015625,-0.005139676898
0.41640625,-0.0057955677229999999
0.416796875,0.0045803200629999999
0.4171875,0.00066693982900000001
0.417578125,0.0060708700960000004
0.41796875,0.010158747796
0.418359375,0.0028139908179999999
0.41875,0.0079982739250000004
0.419140625,0.001749312223
0.41953125,0.0048615904539999998
0.419921875,0.011574251716
0.4203125,0.011400364381
0.420703125,0.0096694227340000001
0.42109375,0.0095223811629999988
0.421484375,0.0035790950920000001
0.421875,0.0024161854060000001
0.422265625,-0.0058157020459999997
0.42265625,0.0047108880969999999
0.423046875,0.0048701322879999998
0.4234375,0.00062240026599999997
0.423828125,-0.0003519789409999999
0.42421875,-0.004076828696
0.424609375,-0.0017595511580000001
0.425,-0.0073629942619999993
0.425390625,-0.0045423586490000003
0.42578125,-0.0097724015809999999
0.426171875,-0.0071201621240000006
0.4265625,-0.0091335944240000001
0.426953125,-0.0037199020609999999
0.42734375,-0.0060670760180000002
0.427734375,-0.0076320620330000005
0.428125,-0.0080939311999999996
0.428515625,-0.0064587801200000003
0.42890625,-0.00011951902999999989
0.429296875,-0.0046631645869999998
0.4296875,0.0036016699390000002
0.430078125,0.0057926503600000002
0.43046875,0.0077658140140000002
0.430859375,0.0025376014749999998
0.43125,0.0085028522619999998
0.431640625,0.004516866439
0.43203125,0.0059708086120000003
0.432421875,0.012073338874
0.4328125,0.0093765598539999988
0.433203125,0.010840264123
0.43359375,0.0099580146970000005
0.433984375,0.0069903375130000002
0.434375,0.00040397336800000001
0.434765625,0.00035699328100000007
0.43515625,0.0020379041860000002
0.435546875,0.001775547856
0.4359375,0.005346644599
0.436328125,-0.0085252938170000004
0.43671875,-0.014914585649000001
0.437109375,-0.0032909799679999999
0.4375,-0.0059291864119999996
0.437890625,-0.0098297538949999996
0.43828125,-0.0032214250339999998
0.438671875,-0.0094026621949999997
0.4390625,-0.011475887333
0.439453125,-0.0060811090310000007
0.43984375,-0.0060658557560000007
0.440234375,-0.0042177689570000003
0.440625,-0.0068089953139999996
0.441015625,-0.003819963545
0.44140625,-0.0051860468539999998
0.441796875,-0.0036961069519999999
0.4421875,0.0041550587560000001
0.442578125,0.00028926873999999994
0.44296875,0.0043039307199999998
0.443359375,0.0023027010400000002
0.44375,0.0037761674050000001
0.444140625,0.00018981738700000008
0.44453125,0.010158137665000001
0.444921875,0.0098573430819999999
0.4453125,0.012312510226
0.445703125,0.0083850969790000007
0.44609375,0.0063972901809999996
0.446484375,0.001465601308
0.446875,0.001078168123
0.447265625,-0.00042702505399999993
0.44765625,0.0027285724780000001
0.448046875,0.00051867799600000008
0.4484375,0.0048402358690000005
0.448828125,-0.0057577396010000002
0.44921875,-0.0041652976910000004
0.449609375,-0.0038925691339999997
0.45,-0.0054111851930000003
0.450390625,-0.0095271289190000004
0.45078125,-0.0088901521550000008
0.451171875,-0.0091030878740000001
0.4515625,-0.0099584915359999995
0.451953125,-0.0055899535760000002
0.45234375,-0.0019407600649999999
0.452734375,-0.0056241209119999996
0.453125,-0.0043715219689999998
0.453515625,-0.0076265708540000001
0.45390625,0.0024473020870000002
0.454296875,0.004527848797
0.4546875,0.0027011165829999998
0.455078125,0.002342359555
0.45546875,0.0049744646889999999
0.455859375,0.0074699004790000001
0.45625,0.0044393798019999996
0.456640625,0.0025888524790000002
0.45703125,0.0073161474669999997
0.457421875,0.013298481922
0.4578125,0.009484553041
0.458203125,0.011124585169000001
0.45859375,0.0069854564649999996
0.458984375,-0.00037638418100000015
0.459375,-0.0015087873170000002
0.459765625,0.001000071355
0.46015625,0.0028811052280000001
0.460546875,0.0040275413769999997
0.4609375,-0.005331258032
0.461328125,-0.0068541450080000007
0.46171875,-0.0054368106949999996
0.462109375,-0.0026369195360000002
0.4625,-0.0036515673890000003
0.462890625,-0.0077302931240000004
0.46328125,-0.010104312845
0.463671875,-0.0093032108420000002
0.4640625,-0.0052818374209999998
0.464453125,-0.0055777509559999999
0.46484375,-0.0026527829419999999
0.465234375,-0.0070225411639999995
0.465625,-0.0043062379519999998
0.466015625,-0.005449013315
0.46640625,-0.0040481525390000002
0.466796875,0.0022471791190000001
0.4671875,-0.0047083142810000001
0.467578125,0.0085632552309999992
0.46796875,0.0044125340379999999
0.468359375,0.0075498276400000003
0.46875,0.0036651235630000001
0.469140625,0.0071190751540000001
0.46953125,0.010967171370999999
0.469921875,0.010181322643
0.4703125,0.010467474082
0.470703125,0.010305179236
0.47109375,0.0056633025879999997
0.471484375,-0.00053684863399999999
0.471875,-0.0020127555229999998
0.472265625,0.0025308900339999999
0.47265625,0.0027828741370000002
0.473046875,0.0027053874999999998
0.4734375,-0.010944463232000001
0.473828125,-0.0051781151510000003
0.47421875,0.0023240556249999999
0.474609375,-0.0083928953900000002
0.475,-0.0093294464749999993
0.475390625,-0.0068858718200000002
0.47578125,-0.0066235154900000006
0.476171875,-0.0071561598529999992
0.4765625,-0.0079578719869999991
0.476953125,-0.0049035562010000004
0.47734375,-0.0025673646020000001
0.477734375,-0.0073892298950000001
0.478125,-0.0035887238960000001
0.478515625,-0.002807146085
0.47890625,0.000292929526
0.479296875,0.00087560463099999996
0.4796875,0.0071221258089999998
0.480078125,0.00082313336500000004
0.48046875,0.010870160542000001
0.480859375,-0.0008053062740000002
0.48125,0.001354557466
0.481640625,0.0051379797969999998
0.48203125,0.0093161568849999994
0.482421875,0.0096578302450000004
0.4828125,0.010942156
0.483203125,0.011138008051000001
0.48359375,0.0061343237200000003
0.483984375,0.00072124148800000007
0.484375,-0.0043928765539999999
0.484765625,0.0076187724429999997
0.48515625,0.0053741004940000003
0.485546875,0.0016876889920000001
0.4859375,-0.0012281270570000001
0.486328125,-0.0082879528580000004
0.48671875,-0.0019322182309999998
0.487109375,-0.0039364985660000004
0.4875,-0.0057925170680000002
0.487890625,-0.0073526220350000008
0.48828125,-0.010738238953999999
0.488671875,-0.010957275983
0.4890625,-0.0041756699179999997
0.489453125,-0.006431324225
0.48984375,-0.0041927535859999998
0.490234375,-0.0052080115699999997
0.490625,-0.0043239317509999996
0.491015625,0.001309407772
0.49140625,-0.0028413134210000003
0.491796875,-0.0044221628420000004
0.4921875,0.010459542379
0.492578125,0.0050086320250000002
0.49296875,0.0022435183329999999
0.493359375,0.003753592558
0.49375,0.00064497511300000009
0.494140625,0.010739592508000001
0.49453125,0.011188038793
0.494921875,0.010961680192000001
0.4953125,0.008297238115000001
0.495703125,0.0083924185510000013
0.49609375,0.003793861204
0.496484375,-0.00090475762700000005
0.496875,0.00032465633799999994
0.497265625,0.003413749591
0.49765625,-0.0034599862550000002
0.498046875,-0.0022202000629999996
0.4984375,-0.0048638976859999997
0.498828125,0.0015461386000000001
0.49921875,-0.0076088770549999993
0.499609375,-0.00063385946299999996
0.5,-0.0043373546330000004
0.500390625,-0.0074240073619999992
0.50078125,-0.0099609320600000002
0.501171875,-0.0059267458879999997
0.5015625,-0.004244614721
0.501953125,-0.0034874421499999997
0.50234375,-0.0073538422970000003
0.502734375,-0.0074063135630000002
0.503125,-0.0026472917630000004
0.503515625,-0.0007516147459999999
0.50390625,-0.0057308938369999996
0.504296875,0.0065754484329999998
0.5046875,0.011937279661
0.505078125,0.0030531621700000001
0.50546875,0.010870770673
0.505859375,0.00096590401899999999
0.50625,0.0048853855629999998
0.506640625,0.010341176965000001
0.50703125,0.0097121319040000004
0.507421875,0.011457106563999999
0.5078125,0.0089073691150000009
0.508203125,0.0085724071959999999
0.50859375,0.0034466966649999999
0.508984375,-0.0003904171940000002
0.509375,0.0018890322220000001
0.509765625,0.0078304878999999987
0.51015625,-0.00093831483200000013
0.510546875,-0.01040632769
0.5109375,0.00026913441699999993
0.511328125,-0.0062867231779999994
0.51171875,-0.0020670571819999999
0.512109375,-0.0053385796039999997
0.5125,-0.0056918454529999996
0.512890625,-0.0064984386349999992
0.51328125,-0.0098627009690000003
0.513671875,-0.0074783090209999993
0.5140625,-0.0067937420389999996
0.514453125,-0.0020219074880000001
0.51484375,-0.0069401734790000003
0.515234375,-0.0054984339260000003
0.515625,-0.0060682962799999997
0.516015625,0.0012868329250000001
0.51640625,-0.0061958136590000001
0.516796875,0.0017175854110000001
0.5171875,0.0043124725539999999
0.517578125,0.00073954541799999994
0.51796875,0.0082862557570000002
0.518359375,0.0001281941559999999
0.51875,0.0069378662470000003
0.519140625,0.0094796719930000002
0.51953125,0.012659064633999999
0.519921875,0.010218540634
0.5203125,0.010562654518
0.520703125,0.0066254791749999998
0.52109375,0.00084143729500000001
0.521484375,-0.00026045929099999992
0.521875,0.001750532485
0.522265625,0.0086907726100000013
0.52265625,-0.002955407918
0.523046875,0.00014405756200000009
0.5234375,-0.0096271904030000004
0.523828125,-0.0098950379120000004
0.52421875,-0.0011103717740000001
0.524609375,-0.010142140967
0.525,-0.0067931319080000007
0.525390625,-0.007219613477
0.52578125,-0.010367889437
0.526171875,-0.0059072216959999996
0.5265625,-0.0042238702669999996
0.526953125,-0.0038797563829999996
0.52734375,-0.0069035656189999992
0.527734375,-0.0029352735950000002
0.528125,-0.0031677335060000004
0.528515625,0.0024668262790000003
0.52890625,-0.00055393230200000013
0.529296875,0.004941517615
0.5296875,0.0050720856490000001
0.530078125,0.0053057658219999998
0.53046875,0.0020861045350000001
0.530859375,0.005801802325
0.53125,0.0064009509669999999
0.531640625,0.011878707085000001
0.53203125,0.010201456966
0.532421875,0.0093552052690000012
0.5328125,0.0079348203009999996
0.533203125,0.0066810010960000003
0.53359375,0.0021959281150000002
0.533984375,-0.0021274601510000001
0.534375,0.0051251670460000006
0.534765625,0.0043673843440000006
0.53515625,0.00097871677000000009
0.535546875,-0.00057406662499999992
0.5359375,-0.0036778030220000002
0.536328125,-0.0050304634490000001
0.53671875,-0.0023147703680000001
0.537109375,-0.0066046014290000003
0.5375,-0.0090274316300000008
0.537890625,-0.0093392085710000006
0.53828125,-0.0071769043069999996
0.538671875,-0.0062226594229999998
0.5390625,-0.0055387025719999998
0.539453125,-0.0043428458119999999
0.53984375,-0.0095972939839999993
0.540234375,-0.0067943521700000002
0.540625,-0.0053794583809999999
0.541015625,0.0023210049700000002
0.54140625,0.00028621808500000007
0.541796875,0.0059494540270000002
0.5421875,0.0058622052940000002
0.542578125,0.0075534884259999997
0.54296875,-0.0052153331420000002
0.543359375,0.001142842009
0.54375,0.0083564208219999991
0.544140625,0.010569976090000001
0.54453125,0.010175221333000001
0.544921875,0.0087908340939999996
0.5453125,0.007729206154
0.545703125,0.0024210664539999999
0.54609375,-0.0011829773629999998
0.546484375,0.00065900812599999992
0.546875,0.0079043137509999997
0.547265625,0.012131301319000001
0.54765625,-0.0075002737369999992
0.548046875,-0.0063739719110000002
0.5484375,-0.0040292384779999999
0.548828125,-0.0018779165720000002
0.54921875,-0.0074795292830000006
0.549609375,-0.010009132408999999
0.55,-0.0093709353830000001
0.550390625,-0.0099279849859999995
0.55078125,-0.0078742840400000003
0.551171875,-0.0072220540010000008
0.5515625,-0.0019999427720000002
0.551953125,-0.0070329133909999998
0.55234375,-0.0055923941000000001
0.552734375,-0.0067260174979999997
0.553125,0.0017059929219999999
0.553515625,-0.00050817247700000014
0.55390625,0.000950650744
0.554296875,0.0082954077219999992
0.5546875,0.0083905881579999994
0.555078125,0.0022935490749999999
0.55546875,0.00033868935099999999
0.555859375,0.002679761998
0.55625,0.0058603749010000001
0.556640625,0.011934839137000001
0.55703125,0.012133741843
0.557421875,0.012200856253000001
0.5578125,0.0079128555849999997
0.558203125,0.0050232751690000004
0.55859375,-0.0015521066179999998
0.558984375,0.001384453885
0.559375,0.001849983838
0.559765625,0.011056250497
0.56015625,-0.010223898521
0.560546875,-0.003471578744
0.5609375,0.0032050847890000003
0.561328125,-0.0086692847330000003
0.56171875,-0.00082422033500000004
0.562109375,-0.0087748373960000008
0.5625,-0.0076161986269999999
0.562890625,-0.009070750931
0.56328125,-0.0073330978429999999
0.563671875,-0.0055881231830000001
0.5640625,-0.0047144155910000003
0.564453125,-0.0079121121619999991
0.56484375,-0.0079249249130000001
0.565234375,-0.0075161371429999999
0.565625,0.0037200353529999999
0.566015625,-0.0010121406829999998
0.56640625,0.0056651329809999998
0.566796875,0.0047273616339999994
0.5671875,0.0075717923560000002
0.567578125,0.0092728375840000002
0.56796875,-0.0020170264399999999
0.568359375,0.002488180864
0.56875,0.011150820802
0.569140625,0.013246620787000001
0.56953125,0.010120309543
0.569921875,0.010340566834
0.5703125,0.0044662255659999994
0.570703125,0.0035784849609999999
0.57109375,-0.0012964617290000002
0.571484375,0.0035077097650000003
0.571875,0.001764565498
0.572265625,0.0039891031240000003
0.57265625,-0.0070506071900000005
0.573046875,-0.0065149121720000005
0.5734375,-0.0042970859869999999
0.573828125,-0.00016100793800000006
0.57421875,-0.008772396872
0.574609375,-0.0081659266580000004
0.575,-0.0097345734589999993
0.575390625,-0.0067186959259999991
0.57578125,-0.0090042466519999996
0.576171875,-0.004760785547
0.5765625,-0.0050823245840000003
0.576953125,-0.0051177121820000001
0.57734375,-0.00401825612
0.577734375,-0.0048754901750000003
0.578125,0.001784699821
0.578515625,0.0015491892549999999
0.57890625,0.0039482243470000001
0.579296875,0.0043021003269999997
0.5796875,0.006559585027
0.580078125,0.0035851964019999998
0.58046875,-0.0007192778030000002
0.580859375,0.0046907537740000001
0.58125,0.011865284203000001
0.581640625,0.011965955818
0.58203125,0.0091068819520000004
0.582421875,0.0096602707689999994
0.5828125,0.0063686140239999998
0.583203125,-0.00050695221500000019
0.58359375,-0.0012244662709999998
0.583984375,0.004715159014
0.584375,-0.0020054339510000001
0.584765625,0.0054894152530000004
0.58515625,-0.001458146444
0.585546875,-0.011386198076
0.5859375,-0.00062897841500000017
0.586328125,-0.0098279235019999994
0.58671875,-0.01096764821
0.587109375,-0.010289182538
0.5875,-0.0079810569650000003
0.587890625,-0.0087589739900000001
0.58828125,-0.0059493207350000002
0.588671875,-0.0041055048529999999
0.5890625,-0.0057089291209999997
0.589453125,-0.0071726333900000005
0.58984375,-0.0054782996029999996
0.590234375,-0.0045020900029999998
0.590625,0.003868907317
0.591015625,0.0069482384739999997
0.59140625,-0.0010652220799999999
0.591796875,-0.001234838498
0.5921875,0.010055635657
0.592578125,-0.0014422830379999998
0.59296875,-0.0011189136080000002
0.593359375,0.0074796625749999996
0.59375,0.008278324053999999
0.594140625,0.011508357568
0.59453125,0.0097292155720000006
0.594921875,0.0092221967110000004
0.5953125,0.0058768484379999996
0.595703125,0.0033850734339999997
0.59609375,-0.0059938602979999998
0.596484375,0.0097938894580000008
0.596875,0.0040360832109999998
0.597265625,-0.0043568788250000004
0.59765625,-0.004538697863
0.598046875,-0.0066174141799999996
0.5984375,-0.0043782334099999997
0.598828125,-0.0040975731499999996
0.59921875,-0.0056552375930000003
0.599609375,-0.010490525767999999
0.6,-0.0085978994060000001
0.600390625,-0.013097615530999999
0.60078125,-0.0038303357720000002
0.601171875,-0.0025252655630000004
0.6015625,-0.0069493254439999992
0.601953125,-0.0099688637629999997
0.60234375,-0.0015478357009999998
0.602734375,-0.0060792786380000005
0.603125,-0.0050963575969999999
0.603515625,0.0082813747090000004
0.60390625,8.4874855000000027E-05
0.604296875,0.0069525093909999997
0.6046875,0.0068860051120000002
0.605078125,0.0040842835600000005
0.60546875,-0.00019883606000000017
0.605859375,0.009033666232
0.60625,0.010630379059
0.606640625,0.0099342195880000005
0.60703125,0.0096059691099999994
0.607421875,0.0084467202099999996
0.6078125,0.0038731782340000001
0.608203125,0.0019689593829999999
0.60859375,-0.0005344081100000001
0.608984375,0.0021587101239999998
0.609375,0.012369252409
0.609765625,-0.0017113508090000002
0.61015625,-0.012949353698
0.610546875,6.664599999997578E-08
0.6109375,-0.0031872576979999996
0.611328125,-0.0087278573089999995
0.61171875,-0.0037095298339999997
0.612109375,-0.0092055898819999992
0.6125,-0.0080835589729999994
0.612890625,-0.0085649523319999993
0.61328125,-0.0053672557609999996
0.613671875,-0.0029968968259999999
0.6140625,-0.0050652409160000002
0.614453125,-0.004906606856
0.61484375,-0.0074831900690000008
0.615234375,-0.0017668727300000002
0.615625,0.002732233264
0.616015625,-0.0014215385839999998
0.61640625,0.0091416594190000013
0.616796875,0.0019616378109999998
0.6171875,0.0072203568999999997
0.617578125,-0.0046796381240000002
0.61796875,0.0059525046819999998
0.618359375,0.0067401838030000001
0.61875,0.010958019406
0.619140625,0.0082649011719999992
0.61953125,0.012263089615
0.619921875,0.0084290264110000006
0.6203125,0.0047877646030000005
0.620703125,-0.0031726145540000002
0.62109375,0.0041983780570000002
0.621484375,-0.0009492971900000001
0.621875,0.008247817503999999
0.622265625,-0.0013336797200000001
0.62265625,-0.003778474637
0.623046875,-0.0032574227630000003
0.6234375,-0.0084947872670000004
0.623828125,0.00073954541799999994
0.62421875,-0.0080591537330000004
0.624609375,-0.0046832989099999996
0.625,-0.010922498516000001
0.625390625,-0.0075429829069999996
0.62578125,-0.0057955677229999999
0.626171875,-0.0016643707219999998
0.6265625,-0.0049895846719999999
0.626953125,-0.0030139804940000001
0.62734375,-0.0043080683449999999
0.627734375,-0.0053947116559999999
0.628125,0.0015638323989999999
0.628515625,0.0047426149089999994
0.62890625,0.0045607958709999999
0.629296875,0.0081196899939999997
0.6296875,0.00723255952
0.630078125,-0.0040829300060000002
0.63046875,0.00424901893
0.630859375,0.0086181670209999998
0.63125,0.011046488401000001
0.631640625,0.0091245757510000011
0.63203125,0.010034891202999999
0.632421875,0.004991548357
0.6328125,0.0046858727260000003
0.633203125,-0.0014587565750000002
0.63359375,0.0053637282670000001
0.633984375,0.002195317984
0.634375,0.0032966044390000003
0.634765625,-0.0061640868470000006
0.63515625,-0.00042580479199999998
0.635546875,-0.0012604640000000002
0.6359375,-0.0081885015049999992
0.636328125,-0.0048974548910000002
0.63671875,-0.010198273019
0.637109375,-0.0079279755679999998
0.6375,-0.010079297474
0.637890625,-0.0077168702420000006
0.63828125,-0.0060811090310000007
0.638671875,-0.0024752348210000004
0.6390625,-0.0057504180289999996
0.639453125,-0.0040194763820000003
0.63984375,-0.0070536578450000002
0.640234375,-0.0047388208310000001
0.640625,0.00093051642099999999
0.641015625,-0.00031598121199999992
0.64140625,0.0027236914299999999
0.641796875,0.0062478080860000002
0.6421875,0.0094406236090000002
0.642578125,0.0018017834889999999
0.64296875,0.0083539802980000001
0.643359375,0.010288705699000001
0.64375,0.011981209093
0.644140625,0.0082398858009999996
0.64453125,0.010043433036999999
0.644921875,0.004497342247
0.6453125,-0.0012232460089999998
0.645703125,-0.00086387884999999985
0.64609375,0.0044637850420000003
0.646484375,0.0074040063310000003
0.646875,-0.0067150351400000006
0.647265625,-0.0059047811719999998
0.64765625,0.00090916183600000004
0.648046875,-0.0060231465860000003
0.6484375,-0.0062934346189999994
0.648828125,-0.0094343890069999992
0.64921875,-0.0076113175790000001
0.649609375,-0.0068114358380000004
0.65,-0.0067729975849999992
0.650390625,-0.0052915995170000002
0.65078125,-0.0038889083480000003
0.651171875,-0.0055637179430000003
0.6515625,-0.0072068007260000008
0.651953125,-0.0014648578849999999
0.65234375,-0.0070920960979999996
0.652734375,-0.0037717631960000001
0.653125,0.011268576085000001
0.653515625,0.010443068842000001
0.65390625,0.0040220501980000002
0.654296875,0.011579132763999999
0.6546875,0.0065309088700000002
0.655078125,0.0021184414780000002
0.65546875,0.0060641586549999996
0.655859375,0.0099653362689999993
0.65625,0.011876266561
0.656640625,0.0085907111259999995
0.65703125,0.011040997222
0.657421875,0.0047883747339999994
0.6578125,0.0012972051519999999
0.658203125,-0.00031598121199999992
0.65859375,0.0069665424040000002
0.658984375,0.003606550987
0.659375,-0.0067412707729999997
0.659765625,-0.0039090426710000001
0.66015625,-0.0066540220400000006
0.660546875,0.0034088685429999998
0.6609375,-0.0091641009740000001
0.661328125,-0.011103097292
0.66171875,-0.0075216283220000003
0.662109375,-0.0096778312760000002
0.6625,-0.0094636752949999996
0.662890625,-0.0070139993299999995
0.66328125,-0.0047998339310000001
0.663671875,-0.0060176554069999999
0.6640625,-0.0055612774190000004
0.664453125,-0.0055441937510000002
0.66484375,0.00067853231799999995
0.665234375,-0.0025331972659999999
0.665625,0.0014381454130000001
0.666015625,0.0036529209429999997
0.66640625,0.0064210852899999997
0.666796875,0.0035571303759999997
0.6671875,0.0043704349990000002
0.667578125,0.0037340683659999999
0.66796875,0.0075516580329999996
0.668359375,0.0088841841369999997
0.66875,0.0098237858770000002
0.669140625,0.010605973818999999
0.66953125,0.0072709977730000003
0.669921875,0.0046523155209999998
0.6703125,-0.0020316695840000001
0.670703125,0.0040171691499999995
0.67109375,0.001223989432
0.671484375,0.0074101076409999996
0.671875,-0.00062836828399999997
0.672265625,-0.012366068462
0.67265625,-0.0076814826440000008
0.673046875,0.0023801876770000001
0.6734375,-0.0087852096229999992
0.673828125,-0.0083318822900000002
0.67421875,-0.010409988476
0.674609375,-0.012014633005999999
0.675,-0.010106143238
0.675390625,-0.0027613862600000001
0.67578125,-0.003456325469
0.676171875,-0.0061470031790000004
0.6765625,-0.0068742793310000005
0.676953125,-0.0050933069420000003
0.67734375,-0.0037674922790000001
0.677734375,-0.0020127555229999998
0.678125,0.0056944192690000003
0.678515625,-0.00063019867700000011
0.67890625,0.0086669775010000012
0.679296875,0.0032093557060000003
0.6796875,-0.004442907296
0.680078125,0.0037889801560000002
0.68046875,0.0094143879759999993
0.680859375,0.011961684901000001
0.68125,0.0087731402949999988
0.681640625,0.011168514601000001
0.68203125,0.0051587242510000002
0.682421875,0.0035778748300000001
0.6828125,0.001253885851
0.683203125,-0.0021360019850000002
0.68359375,0.0015156320500000001
0.683984375,0.0048823349080000002
0.684375,-0.010961546900000001
0.684765625,-0.0047449221410000002
0.68515625,0.00060104568100000002
0.685546875,-0.002948696477
0.6859375,-0.0029846942059999996
0.686328125,-0.0091726428080000002
0.68671875,-0.010613162099
0.687109375,-0.0087516524179999996
0.6875,-0.0077284627310000003
0.687890625,-0.0053391897350000004
0.68828125,-0.0038724348109999999
0.688671875,-0.002718066959
0.6890625,-0.0065204033509999992
0.689453125,-0.0017028089750000001
0.68984375,-0.0030200818040000002
0.690234375,-0.0046436403949999998
0.690625,0.0065211467739999997
0.691015625,0.0038499932560000002
0.69140625,0.0089043184600000012
0.691796875,0.001207515895
0.6921875,0.0039134468800000001
0.692578125,0.0058719673899999998
0.69296875,0.010163628843999999
0.693359375,0.011823795295
0.69375,0.011246611369000001
0.694140625,0.0088518471939999996
0.69453125,0.0046852625949999997
0.694921875,0.000851809522
0.6953125,-0.0011079312499999998
0.695703125,0.0035772646989999999
0.69609375,0.0079854611740000012
0.696484375,-0.0064087493779999994
0.696875,-0.0040603551589999997
0.697265625,-0.0050219216150000001
0.69765625,-0.0014630274920000002
0.698046875,0.00039970245099999998
0.6984375,-0.0084099790580000004
0.698828125,-0.0079444491049999993
0.69921875,-0.0079304160920000005
0.699609375,-0.0092098607990000001
0.7,-0.0075771502429999998
0.700390625,-0.0026161750819999998
0.70078125,-0.0049511464189999996
0.701171875,-0.0072025298089999999
0.7015625,-0.0059017305170000001
0.701953125,-0.0033208763870000001
0.70234375,-0.0031933590079999997
0.702734375,0.0064692856389999996
0.703125,0.00060775712199999995
0.703515625,0.0057005205789999996
0.70390625,0.0061178501829999999
0.704296875,0.0051562837269999995
0.7046875,0.0014747532730000001
0.705078125,0.0066633072970000004
0.70546875,0.012272851711
0.705859375,0.010474185523
0.70625,0.010745083686999999
0.706640625,0.0070513506130000002
0.70703125,0.0061861848549999996
0.707421875,0.00019774908999999996
0.7078125,0.0023606634850000001
0.708203125,0.00093844812399999998
0.70859375,0.0057578728930000002
0.708984375,-0.0066137533939999993
0.709375,-0.00096943151299999988
0.709765625,-0.001917575087
0.71015625,-0.0050390052830000002
0.710546875,0.0033368730849999998
0.7109375,-0.0082031446490000003
0.711328125,-0.0071598206389999995
0.71171875,-0.008580815738
0.712109375,-0.0097327430659999992
0.7125,-0.0066253458830000007
0.712890625,-0.005398982573
0.71328125,-0.0045704246750000004
0.713671875,-0.0066113128700000003
0.7140625,-0.0041305202240000003
0.714453125,-0.0014575363129999998
0.71484375,0.00092807589699999999
0.715234375,0.0038707377100000002
0.715625,0.0011507737120000001
0.716015625,0.015449193696999999
0.71640625,0.0030671951829999997
0.716796875,0.003768845833
0.7171875,0.0065065036300000004
0.717578125,0.0093680180200000004
0.71796875,0.010786572595
0.718359375,0.010878702376000001
0.71875,0.010380225349000001
0.719140625,0.0079811902570000003
0.71953125,0.003829858933
0.719921875,-0.00026289981499999981
0.7203125,0.0016925700400000001
0.720703125,0.0035888571880000001
0.72109375,0.0025864119549999999
0.721484375,-0.00090414749599999986
0.721875,-0.0036387546380000002
0.722265625,-0.0019560133399999999
0.72265625,-0.0049041663320000001
0.723046875,-0.0027003731600000001
0.7234375,-0.0070835542639999995
0.723828125,-0.0096894237649999999
0.72421875,-0.0089084560850000005
0.724609375,-0.0081561645620000008
0.725,-0.003935278304
0.725390625,-0.0037314945499999997
0.72578125,-0.0037552896589999997
0.726171875,-0.0071219925170000007
0.7265625,-0.0048126466820000002
0.726953125,0.00096224323300000004
0.72734375,-0.0071836157479999996
0.727734375,0.0050842882690000004
0.728125,-0.00173026487
0.728515625,0.001491836941
0.72890625,0.013677983404
0.729296875,0.0051147948190000004
0.7296875,0.0040476756999999995
0.730078125,0.010486998274000001
0.73046875,0.009109932607
0.730859375,0.011089197570999999
0.73125,0.010814638620999999
0.731640625,0.0064436601370000002
0.73203125,-0.00010792654099999995
0.732421875,-0.00048315710600000013
0.7328125,0.0020128888149999998
0.733203125,0.012916539915999999
0.73359375,0.0026077665400000001
0.733984375,-0.011078692051999999
0.734375,-0.0094935717140000007
0.734765625,0.001790801131
0.73515625,-0.0068175371479999997
0.735546875,-0.0018907293229999999
0.7359375,-0.0085326153889999992
0.736328125,-0.0089969250800000008
0.73671875,-0.0063428552299999996
0.737109375,-0.0061848313009999992
0.7375,-0.0054374208260000003
0.737890625,-0.0029395445120000002
0.73828125,-0.0061500538340000001
0.738671875,-0.0049731111349999996
0.7390625,-0.0045698145439999997
0.739453125,0.0020513270680000001
0.73984375,-0.000157347152
0.740234375,0.0013783525750000001
0.740625,0.0073228589079999996
0.741015625,0.0045656769190000005
0.74140625,0.0051038124609999996
0.741796875,-0.0022220304559999998
0.7421875,0.0095833942629999988
0.742578125,0.009377780116
0.74296875,0.011081265868
0.743359375,0.0081965665000000004
0.74375,0.0084381783759999995
0.744140625,0.003373480945
0.74453125,0.0030037415589999998
0.744921875,-0.00083703308600000014
0.7453125,0.0083161521759999996
0.745703125,0.0048792842530000005
0.74609375,0.00092868602799999996
0.746484375,-0.0051073399549999999
0.746875,-0.0065277249229999997
0.747265625,-0.0064490180240000007
0.74765625,-0.0032256959509999999
0.748046875,-0.0018242250439999999
0.7484375,-0.0098059587859999995
0.748828125,-0.0096393930230000008
0.74921875,-0.0099121215800000006
0.749609375,-0.0054923326160000001
0.75,-0.0033654159499999997
0.750390625,-0.0041079453769999998
0.75078125,-0.0050377850209999998
0.751171875,-0.0061939832659999999
0.7515625,-0.00065948496500000016
0.751953125,-0.0015826131679999998
0.75234375,0.0039939841720000001
0.752734375,0.00087560463099999996
0.753125,0.010611464998
0.753515625,0.0044869700199999998
0.75390625,0.0040678100230000002
0.754296875,0.0043679944749999994
0.7546875,0.0072606255460000001
0.755078125,0.009094679332
0.75546875,0.010540689802
0.755859375,0.010784132070999999
0.75625,0.0070507404819999996
0.756640625,0.0044802585789999998
0.75703125,0.00055467572500000006
0.757421875,-0.0027741990110000002
0.7578125,0.0085321385500000003
0.758203125,0.0019744505619999999
0.75859375,0.0064692856389999996
0.758984375,-0.0089694691850000004
0.759375,-0.0037321046810000003
0.759765625,-0.0039358884349999998
0.76015625,-0.005368476023
0.760546875,-0.0034355810149999996
0.7609375,-0.0086650138159999994
0.761328125,-0.0072617125159999997
0.76171875,-0.0095381112769999995
0.762109375,-0.0076046061380000002
0.7625,-0.0022781625079999999
0.762890625,-0.0045362573390000001
0.76328125,-0.0059786070229999998
0.763671875,-0.0030536390089999999
0.7640625,0.001604101045
0.764453125,-0.0065862974990000007
0.76484375,-0.0038175230210000001
0.765234375,0.0069659322730000004
0.765625,0.0038060638239999999
0.766015625,0.010399139409999999
0.76640625,0.0017066030529999999
0.766796875,0.0057340777840000001
0.7671875,0.0070800267700000001
0.767578125,0.013631613448000001
0.76796875,0.011283829360000001
0.768359375,0.010071499063
0.76875,0.0062899071249999999
0.769140625,0.0048731829429999995
0.76953125,-0.0025984812829999999
0.769921875,0.0018170367639999999
0.7703125,0.00040153284400000011
0.770703125,0.0058988131540000004
0.77109375,-0.0020536343
0.771484375,-0.005571039515
0.771875,-0.0030609605809999996
0.772265625,-0.0031695638989999997
0.77265625,-0.0071830056170000007
0.773046875,-0.0068736691999999999
0.7734375,-0.0094051027190000004
0.773828125,-0.0099560510120000004
0.77421875,-0.0097345734589999993
0.774609375,-0.0043172203099999997
0.775,-0.0030127602319999997
0.775390625,-0.0054630463279999996
0.77578125,-0.0081427416799999992
0.776171875,-0.0013593052219999999
0.7765625,-0.0092184026330000002
0.776953125,4.9476939999999834E-06
0.77734375,-0.0034904928050000002
0.777734375,0.0066669680829999998
0.778125,0.010055025525999999
0.778515625,0.0050110725490000001
0.77890625,0.0068219413569999996
0.779296875,0.00036004393599999994
0.7796875,0.010313110939
0.780078125,0.0093356810770000003
0.78046875,0.0097072508560000006
0.780859375,0.0084998016070000001
0.78125,0.0077621532279999999
0.781640625,0.0038902619020000002
0.78203125,-0.0018638835590000001
0.782421875,-0.00036845247799999984
0.7828125,0.0044082631209999999
0.783203125,0.000120872584
0.78359375,-0.0014129967500000002
0.783984375,-0.0035136777829999997
0.784375,-0.011187905501
0.784765625,-0.00024276549200000002
0.78515625,-0.010530184283
0.785546875,-0.0082202283170000005
0.7859375,-0.0089853325909999993
0.786328125,-0.0089816718050000008
0.78671875,-0.0087925311949999998
0.787109375,-0.0034001934169999998
0.7875,-0.0021945745610000003
0.787890625,-0.0051646922689999996
0.78828125,-0.0058852569799999997
0.788671875,-0.0021756605
0.7890625,-0.0036418052929999998
0.789453125,0.0071074826650000004
0.78984375,0.0035266238259999997
0.790234375,0.0039482243470000001
0.790625,0.0095382445690000012
0.791015625,-0.0043715219689999998
0.79140625,0.00013978664500000006
0.791796875,0.0035595709000000001
0.7921875,0.011298472504
0.792578125,0.011343012067000001
0.79296875,0.010805486656
0.793359375,0.0094473350500000001
0.79375,0.0075583694740000004
0.794140625,0.001532715718
0.79453125,0.003140410903
0.794921875,0.0053216292280000004
0.7953125,0.00023740760499999999
0.795703125,-0.000157347152
0.79609375,0.003792640942
0.796484375,-0.010209255376999999
0.796875,-0.0035081866040000001
0.797265625,-0.0032293567370000002
0.79765625,-0.011208039824
0.798046875,-0.0081927724220000001
0.7984375,-0.0060750077209999996
0.798828125,-0.010683327164
0.79921875,-0.0090237708440000005
0.799609375,-0.0029712713239999997
0.8,-0.0065002690279999994
0.800390625,-0.0059944704289999996
0.80078125,-0.005242178906
0.801171875,-0.0062397430909999999
0.8015625,-0.001917575087
0.801953125,0.0082954077219999992
0.80234375,0.0017328386860000001
0.802734375,0.004355791855
0.803125,0.0062624512300000004
0.803515625,0.0046968550839999994
0.80390625,0.0035437074939999999
0.804296875,0.0057206549020000002
0.8046875,0.011452835647
0.805078125,0.011906162979999999
0.80546875,0.0093057846579999992
0.805859375,0.010762777486
0.80625,0.0046273001499999994
0.806640625,0.0011452825330000001
0.80703125,-0.0026119041649999997
0.807421875,0.0038005726449999999
0.8078125,0.010894565782
0.808203125,-0.0058925785520000003
0.80859375,-0.011569237376
0.808984375,0.0041446865289999999
0.809375,-0.0060365694680000002
0.809765625,-0.0042348526249999996
0.81015625,-0.0055362620479999999
0.810546875,-0.010108583762
0.8109375,-0.0070768428229999996
0.811328125,-0.010175698172
0.81171875,-0.0076595179279999991
0.812109375,-0.0047168561150000001
0.8125,-0.0035679794419999997
0.812890625,-0.0076808725130000002
0.81328125,-0.0073355383670000007
0.813671875,-0.0051628618760000003
0.8140625,-0.00021347920399999998
0.814453125,0.0041642107209999999
0.81484375,0.002904290206
0.815234375,0.009234399330999999
0.815625,0.0016266758920000001
0.816015625,-0.0043025771660000003
0.81640625,0.002878054573
0.816796875,0.008704805623
0.8171875,0.012058085599
0.817578125,0.009667592341
0.81796875,0.010195355656000001
0.818359375,0.0095199406389999998
0.81875,0.003809114479
0.819140625,0.001067795896
0.81953125,-0.0014337412040000001
0.819921875,0.008513224489
0.8203125,0.0020665803430000001
0.820703125,-0.0020194669640000002
0.82109375,0.003367989766
0.821484375,-0.012253194227000001
0.821875,-0.0018687646069999999
0.822265625,-0.009353851715
0.82265625,-0.0084288931190000006
0.823046875,-0.010168986731
0.8234375,-0.0097888751179999994
0.823828125,-0.0089761806260000004
0.82421875,-0.0066613436119999994
0.824609375,-0.003208002152
0.825,-0.0010310547440000001
0.825390625,-0.0064276634389999997
0.82578125,-0.003456325469
0.826171875,-0.007685753561
0.8265625,0.0021336947530000002
0.826953125,0.0078573336640000001
0.82734375,-0.0015112278410000001
0.827734375,0.0068872253739999997
0.828125,0.0064723362940000001
0.828515625,0.0031123448769999999
0.82890625,0.002787755185
0.829296875,0.0088323230020000004
0.8296875,0.010267351114
0.830078125,0.011295421849
0.83046875,0.0084454999480000001
0.830859375,0.007801201612
0.83125,0.0032233887189999999
0.831640625,-0.0019663855670000001
0.83203125,-1.9457546000000055E-05
0.832421875,0.0050055813699999997
0.8328125,0.0048774538600000004
0.833203125,-0.0094533030679999994
0.83359375,0.002998860511
0.833984375,-0.010051231448000001
0.834375,-0.00075649579400000012
0.834765625,-0.0046686557660000003
0.83515625,-0.011347149692
0.835546875,-0.010184240006
0.8359375,-0.012164115101
0.836328125,-0.0064325444869999995
0.83671875,-0.0033873806659999997
0.837109375,-0.0046369289539999999
0.8375,-0.0035649287870000001
0.837890625,-0.0054374208260000003
0.83828125,-0.0044062994359999998
0.838671875,-0.0057925170680000002
0.8390625,0.0047182096690000005
0.839453125,0.001131859651
0.83984375,0.011535813463
0.840234375,0.0099464222080000008
0.840625,0.00061141790800000001
0.841015625,0.007491865195
0.84140625,0.0043789768330000003
0.841796875,0.010091633386
0.8421875,0.0089903469309999991
0.842578125,0.012696892756
0.84296875,0.0090092609920000011
0.843359375,0.0076084002160000004
0.84375,0.00098237755599999994
0.844140625,0.0002197138060000001
0.84453125,0.00021544288900000007
0.844921875,0.007748730346
0.8453125,0.00057175939299999997
0.845703125,-0.0040926921019999998
0.84609375,-0.00078395168900000003
0.846484375,-0.0021524755219999997
0.846875,0.00059433424000000009
0.847265625,-0.0097022365159999992
0.84765625,-0.0064697624779999994
0.848046875,-0.010311147254
0.8484375,-0.0099597117980000007
0.848828125,-0.0089395727659999993
0.84921875,-0.00623303165
0.849609375,-0.0053715266779999996
0.85,-0.0053196655430000003
0.850390625,-0.0043965373400000002
0.85078125,3.9725161000000011E-05
0.851171875,-0.003046927568
0.8515625,0.0061446959469999996
0.851953125,-0.0039224655529999999
0.85234375,0.0038866011159999999
0.852734375,0.0086016934840000003
0.853125,0.0029457791139999999
0.853515625,-0.00025191745699999985
0.85390625,0.003792640942
0.854296875,0.011356434949
0.8546875,0.012028799311
0.855078125,0.012490058347
0.85546875,0.0075260325310000003
0.855859375,0.0066437831050000003
0.85625,0.0016150834029999999
0.856640625,0.001349676418
0.85703125,-0.00041482243400000002
0.857421875,0.0072899118339999998
0.8578125,0.0072954030130000002
0.858203125,-0.0054441322670000002
0.85859375,-0.0051677429240000001
0.858984375,-0.0023349046909999999
0.859375,-0.0095173668230000008
0.859765625,-0.0088279187929999996
0.86015625,-0.0064490180240000007
0.860546875,-0.010073806295
0.8609375,-0.0075356613350000008
0.861328125,-0.0072086311189999992
0.86171875,-0.0032915900989999997
0.862109375,-0.0071769043069999996
0.8625,-0.0050322938420000003
0.862890625,-0.0046357086920000004
0.86328125,-0.001765042337
0.863671875,0.0041660411140000001
0.8640625,-0.00055393230200000013
0.864453125,0.0079018732269999989
0.86484375,0.0025607864530000001
0.865234375,0.0051947219799999998
0.865625,0.0041050280140000001
0.866015625,0.0046925841670000003
0.86640625,0.006455252626
0.866796875,0.013261874062000001
0.8671875,0.011448564729999999
0.867578125,0.011405855560000001
0.86796875,0.009920186575
0.868359375,0.004876233598
0.86875,0.0021184414780000002
0.869140625,-0.0026863401469999996
0.86953125,0.0045784896699999997
0.869921875,0.0047102779660000002
0.8703125,-0.0050213114840000003
0.870703125,0.00036980603199999996
0.87109375,-0.010346534851999999
0.871484375,-0.0026100737719999996
0.871875,0.0032978247009999998
0.872265625,-0.0052989210889999999
0.87265625,-0.0088779495350000005
0.873046875,-0.0063697009939999993
0.8734375,-0.0089035750370000007
0.873828125,-0.0056491362830000001
0.87421875,-0.00309695831
0.874609375,-0.004133570879
0.875,-0.0053611544510000003
0.875390625,-0.0063642098150000007
0.87578125,0.00041373546400000002
0.876171875,-0.0052897691240000001
0.8765625,0.0011251482099999999
0.876953125,0.010396698886
0.87734375,0.00039299101000000005
0.877734375,0.0046004543859999997
0.878125,0.0083741146209999999
0.878515625,0.0033002652249999997
0.87890625,0.0079030934890000001
0.879296875,0.011170955125
0.8796875,0.0085644754930000004
0.880078125,0.011002558969000001
0.88046875,0.0088189001200000006
0.880859375,0.001420451614
0.88125,0.00020324026899999994
0.881640625,-0.00066192548900000005
0.88203125,0.0024967226980000001
0.882421875,0.0021721330060000001
0.8828125,-0.000278763221
0.883203125,-0.0041671280839999996
0.88359375,-0.0031408877419999998
0.883984375,-0.0022165392770000002
0.884375,-0.010089669701
0.884765625,-0.0071524990670000007
0.88515625,-0.0095472632420000002
0.885546875,-0.0067693367990000006
0.8859375,-0.0070194905089999999
0.886328125,-0.0048657280789999998
0.88671875,-0.004386165113
0.887109375,-0.004734549914
0.8875,-0.0067601848339999999
0.887890625,-0.0015338026880000002
0.88828125,-0.0093044311039999997
0.888671875,0.000535761664
0.8890625,0.010207558275999999
0.889453125,-0.00053257771699999996
0.88984375,0.012621846643
0.890234375,0.0035382163150000003
0.890625,0.0019854329199999999
0.891015625,0.0064650147220000004
0.89140625,0.0069622714870000001
0.891796875,0.011097739404999999
0.8921875,0.0086218278070000001
0.892578125,0.010482727357
0.89296875,0.009180097671999999
0.893359375,0.0010940315290000001
0.89375,-0.00044593911500000021
0.894140625,0.000707818606
0.89453125,0.00072734279800000003
0.894921875,0.011888469181
0.8953125,-0.0061610361919999992
0.895703125,-0.0036839043320000004
0.89609375,-0.0033904313210000002
0.896484375,-0.0039932407490000004
0.896875,-0.0024160521139999997
0.897265625,-0.0074447518159999997
0.89765625,-0.0048248493019999996
0.898046875,-0.010223898521
0.8984375,-0.0078474382760000006
0.898828125,-0.0038132521040000001
0.89921875,-0.00066741666800000004
0.899609375,-0.0068547551389999996
0.9,-0.0056460856279999996
0.900390625,-0.0078181519880000001
0.90078125,0.0016004402590000001
0.901171875,0.0014631607839999999
0.9015625,0.00054918454600000007
0.901953125,0.0041154002409999994
0.90234375,0.0049427378769999995
0.902734375,0.0076852767220000002
0.903125,-0.0042122777779999999
0.903515625,0.0088201203820000001
0.90390625,0.0079811902570000003
0.904296875,0.012427214854
0.9046875,0.010163018713
0.905078125,0.010841484385000001
0.90546875,0.0050086320250000002
0.905859375,0.0032654877580000001
0.90625,5.5578249999999572E-06
0.906640625,0.0044485317670000003
0.90703125,0.00024167852200000003
0.907421875,-0.00082177981100000014
0.9078125,0.00016846280199999991
0.908203125,-0.0090603787039999998
0.90859375,4.2165684999999906E-05
0.908984375,-0.0069767813389999996
0.909375,-0.0027687078319999997
0.909765625,-0.0081811799330000004
0.91015625,-0.010712613451999999
0.910546875,-0.0096345119749999993
0.9109375,-0.0065197932200000003
0.911328125,-0.0040457120150000003
0.91171875,-0.0063007561909999999
0.912109375,-0.005705878466
0.9125,-0.0062336417810000006
0.912890625,-0.0047016028400000002
0.91328125,-0.010935921398000001
0.913671875,0.003768845833
0.9140625,0.0061514073880000004
0.914453125,0.0068133995229999996
0.91484375,0.010357040370999999
0.915234375,-0.0040109345480000003
0.915625,0.0015205130980000001
0.916015625,0.0068048576890000004
0.91640625,0.012133131712000001
0.916796875,0.0081874145349999997
0.9171875,0.011269796347
0.917578125,0.0068280426669999998
0.91796875,0.00655531411
0.918359375,-0.0014380121210000002
0.91875,0.0032490142210000001
0.919140625,-0.00047339501000000011
0.91953125,0.0066138866860000001
0.919921875,0.0018951335320000001
0.9203125,-0.0045088014439999997
0.920703125,-0.0014349614660000001
0.92109375,-0.0012012812929999999
0.921484375,-0.0033098940290000002
0.921875,-0.0075435930380000002
0.922265625,-0.0050926968109999997
0.92265625,-0.010994493974
0.923046875,-0.0066589030880000004
0.9234375,-0.0082330410679999997
0.923828125,-0.0045942197840000004
0.92421875,-0.0043605396109999998
0.924609375,-0.0072446288479999996
0.925,-0.0042592578650000002
0.925390625,0.0005687087380000001
0.92578125,-0.0010383763160000002
0.926171875,0.0033173488929999998
0.9265625,-0.0021616274870000004
0.926953125,0.0096132906819999999
0.92734375,0.010376564563
0.927734375,-0.0053568835340000003
0.928125,0.00050586524499999998
0.928515625,0.0065229771669999999
0.92890625,0.0095492269270000003
0.929296875,0.0093393418629999989
0.9296875,0.011828676343
0.930078125,0.0079933928769999989
0.93046875,0.0021934875909999998
0.930859375,-0.0010048191110000001
0.93125,0.0034656107259999997
0.931640625,0.0040452351760000005
0.93203125,0.0015101408710000001
0.932421875,-0.0054160662410000001
0.9328125,0.001147112926
0.933203125,-0.0077717820319999995
0.93359375,-0.0012378891530000001
0.933984375,-0.0093770366929999995
0.934375,-0.010933480874
0.934765625,-0.0095008932859999996
0.93515625,-0.011643673358
0.935546875,-0.0090420747740000001
0.9359375,-0.0029682206690000001
0.936328125,-0.0029230709749999998
0.93671875,-0.0041256391759999997
0.937109375,-0.0058364465000000001
0.9375,-0.00029035571000000015
0.937890625,-0.0073343181049999994
0.93828125,-0.0053764077260000003
0.938671875,0.003970189063
0.9390625,-0.00059115029300000005
0.939453125,0.0090952894629999989
0.93984375,0.0028658519530000001
0.940234375,0.0067108975149999996
0.940625,0.003399716578
0.941015625,0.0085614248380000008
0.94140625,0.0092966326930000003
0.941796875,0.011084316523
0.9421875,0.0082886962809999992
0.942578125,0.0063198035440000001
0.94296875,0.0020043469810000001
0.943359375,-0.0013599153530000001
0.94375,0.001695010564
0.944140625,0.0079634964579999995
0.94453125,-0.0032604734179999999
0.944921875,0.0073930239730000003
0.9453125,-0.001401404261
0.945703125,-0.0091073587909999993
0.94609375,-0.00053806889599999994
0.946484375,-0.0081842305880000001
0.946875,-0.0079676340830000005
0.947265625,-0.0084404856080000003
0.94765625,-0.0089468943379999999
0.948046875,-0.0039914103560000002
0.9484375,-0.0055149074629999998
0.948828125,-0.0041286898310000002
0.94921875,-0.0054667071139999999
0.949609375,-0.0095667874339999993
0.95,-0.0015240405920000002
0.950390625,-0.0064593902509999992
0.95078125,-0.0052580423119999997
0.951171875,0.012707264983
0.9515625,0.0098835787150000007
0.951953125,0.0021098996440000002
0.95234375,0.0072191366380000002
0.952734375,0.0014601101290000001
0.953125,0.003499778062
0.953515625,0.0093161568849999994
0.95390625,0.010662105870999999
0.954296875,0.011821964902
0.9546875,0.0074979665050000002
0.955078125,0.0066742896550000003
0.95546875,0.002547973702
0.955859375,0.00062118000400000002
0.95625,0.0027853146610000001
0.956640625,0.00039726192700000008
0.95703125,0.0043515209379999999
0.957421875,-0.0023458870489999999
0.9578125,-0.014258694823999999
0.958203125,-0.0060853799479999998
0.95859375,0.00089512882299999999
0.958984375,-0.0057113696449999996
0.959375,-0.0067199161880000004
0.959765625,-0.0096912541580000001
0.96015625,-0.0074258377549999994
0.960546875,-0.0095448227179999994
0.9609375,-0.0026845097540000003
0.961328125,-0.0019468613750000001
0.96171875,-0.0072818468389999995
0.962109375,-0.0064435268450000003
0.9625,0.00056748847599999994
0.962890625,-0.0038278952480000003
0.96328125,-0.0041457734990000003
0.963671875,0.0079451925279999999
0.9640625,0.0054192501879999997
0.964453125,0.0062496384790000003
0.96484375,0.0052673275690000004
0.965234375,0.003520522516
0.965625,0.00492626434
0.966015625,0.011964125425
0.96640625,0.012844544458
0.966796875,0.011613910231
0.9671875,0.0093954739150000008
0.967578125,0.0036962402439999998
0.96796875,0.001673045848
0.968359375,7.7553282999999907E-05
0.96875,0.0054528073929999994
0.969140625,0.0049714140339999994
0.96953125,-0.0072745252670000007
0.969921875,-0.0048956244980000001
0.9703125,-0.0031756652089999999
0.970703125,-0.010099431797
0.97109375,-5.4245330000000057E-06
0.971484375,-0.0078822157429999998
0.971875,-0.0070750124299999995
0.972265625,-0.006516132434
0.97265625,-0.0094173053390000008
0.973046875,-0.0041262493070000003
0.9734375,-0.0041579761189999998
0.973828125,-0.0047461424029999998
0.97421875,-0.0087614145139999992
0.974609375,-0.0054099649309999999
0.975,-0.0038346066890000002
0.975390625,-0.010033537649
0.97578125,0.001365539824
0.976171875,0.0038347399810000002
0.9765625,0.0098652747849999993
0.976953125,0.014535217459000001
0.97734375,0.0021849457569999998
0.977734375,0.0028109401630000003
0.978125,0.0071636147169999997
0.978515625,0.010385716527999999
0.97890625,0.010531537836999999
0.979296875,0.01153398307
0.9796875,0.0072947928820000004
0.980078125,0.002483909947
0.98046875,-0.00047339501000000011
0.980859375,-0.00040322994499999987
0.98125,0.0041977679260000005
0.981640625,0.014704223746
0.98203125,-0.0049005055459999999
0.982421875,-0.0060774482450000004
0.9828125,-0.0084502477039999999
0.983203125,0.0018072746679999999
0.98359375,-0.0055167378559999999
0.983984375,-0.01296277658
0.984375,-0.0079413984499999996
0.984765625,-0.010472221838
0.98515625,-0.0088633063909999994
0.985546875,-0.0058193628319999999
0.9859375,-0.003203731235
0.986328125,-0.0050707320949999997
0.98671875,-0.0057760435309999998
0.987109375,-0.0042702402230000002
0.9875,0.0020000760640000001
0.987890625,-0.0083422545170000004
0.98828125,-0.0023989684460000004
0.988671875,0.0070415885169999998
0.9890625,0.0033618884560000003
0.989453125,0.011527271629
0.98984375,0.0010641351099999999
0.990234375,0.0045193069629999999
0.990625,0.0093491039590000002
0.991015625,0.011712141322
0.99140625,0.0093295797669999993
0.991796875,0.010286265175
0.9921875,0.0073118765499999997
0.992578125,0.0035614012929999998
0.99296875,-0.001295851598
0.993359375,0.0023277164110000002
0.99375,0.0018274089909999999
0.994140625,0.0064497614470000004
0.99453125,-0.011786444012
0.994921875,-0.0048724395199999998
0.9953125,-0.001675963211
0.995703125,-0.0046381492160000003
0.99609375,0.0025003834839999999
0.996484375,-0.0085277343409999994
0.996875,-0.0077211411589999997
0.997265625,-0.0089694691850000004
0.99765625,-0.0084960075289999999
0.998046875,-0.0058041095569999999
0.9984375,-0.0030786543800000003
0.998828125,-0.0077254120760000006
0.99921875,-0.0044917177759999996
0.999609375,-0.0041366215339999996
1,0.0017621249739999999
1.000390625,0.0090958995939999995
1.00078125,0.0023637141400000001
1.001171875,0.0003710262939999999
1.0015625,0.002477198506
1.001953125,0.0076913780320000003
1.00234375,-0.0052214344519999996
1.002734375,0.0065351797870000002
1.003125,0.010039772250999999
1.003515625,0.010825010848
1.00390625,0.010532758099000001
1.004296875,0.0091325074539999988
1.0046875,0.006191676034
1.005078125,0.0019787214789999999
1.00546875,-0.00062287710499999999
1.005859375,-0.00011951902999999989
1.00625,0.0068152299159999997
1.006640625,0.010953748488999999
1.00703125,-0.0021890833819999999
1.007421875,-0.0075405423830000005
1.0078125,-0.00079798470200000008
1.008203125,-0.010626584981
1.00859375,-0.01215740366
1.008984375,-0.0060707368040000004
1.009375,-0.010173257648000001
1.009765625,-0.009536891015
1.01015625,-0.0075649476229999995
1.010546875,-0.0047687172500000003
1.0109375,-0.0054154561100000003
1.011328125,-0.0071158912069999997
1.01171875,-0.0059517612590000001
1.012109375,-0.0029676105380000003
1.0125,-0.0074654962700000001
1.012890625,0.0024052030480000001
1.01328125,0.002332597459
1.013671875,0.0057627539409999999
1.0140625,0.001679147158
1.014453125,0.0094064562729999999
1.01484375,0.002286837634
1.015234375,0.0040452351760000005
1.015625,0.010174611202
1.016015625,0.010903717747
1.01640625,0.011092248226000001
1.016796875,0.011809152151000001
1.0171875,0.0068152299159999997
1.017578125,0.0022392474159999998
1.01796875,0.001148943319
1.018359375,0.0049476189250000002
1.01875,0.0024106942270000001
1.019140625,0.004440600064
1.01953125,-0.010800472316000001
1.019921875,-0.0065564010799999996
1.0203125,0.0022337562369999999
1.020703125,-0.0064142405569999998
1.02109375,-0.0088041236839999995
1.021484375,-0.0074032629080000006
1.021875,-0.0080585436019999998
1.022265625,-0.0082916136440000007
1.02265625,-0.0065069804689999993
1.023046875,-0.0037369857290000001
1.0234375,-0.0062257100779999994
1.023828125,-0.0078102202850000007
1.02421875,-0.0035399134159999996
1.024609375,-0.0095106553819999991
1.025,0.0019122172
1.025390625,-0.0027022035530000002
1.02578125,0.0075931469410000004
1.026171875,0.0033685998970000002
1.0265625,0.0047255312410000002
1.026953125,0.0020751221770000002
1.02734375,0.0019030652349999999
1.027734375,0.0069976590849999999
1.028125,0.0078420803890000002
1.028515625,0.0085858300779999997
1.02890625,0.010036111465000001
1.029296875,0.0085425107769999988
1.0296875,0.0062752639809999997
1.030078125,-0.00081689876299999992
1.03046875,0.001690129516
1.030859375,0.0030513317769999999
1.03125,0.0074955259810000003
1.031640625,0.0013771323129999999
1.03203125,-0.0080152243010000006
1.032421875,-0.0045917792599999997
1.0328125,-0.0088309694479999992
1.033203125,-0.0027650470460000003
1.03359375,-0.0094923514519999995
1.033984375,-0.0079865481440000007
1.034375,-0.0092208431569999992
1.034765625,-0.0079090615069999995
1.03515625,-0.0044758543699999999
1.035546875,-0.003131735777
1.0359375,-0.0041042845910000004
1.036328125,-0.0067412707729999997
1.03671875,-0.0037986089599999998
1.037109375,-0.0078248634290000001
1.0375,0.001850593969
1.037890625,0.001790191
1.03828125,0.0054631796199999996
1.038671875,0.0024643857549999999
1.0390625,0.0094394033470000006
1.039453125,-0.0014550957889999999
1.03984375,0.0049104009339999994
1.040234375,0.009055630948
1.040625,0.012033070228000001
1.041015625,0.011675533462000001
1.04140625,0.0072679471179999998
1.041796875,0.0066761200479999996
1.0421875,0.00020385039999999991
1.042578125,-0.00017077003400000007
1.04296875,0.0024723174579999998
1.043359375,0.0018066645369999999
1.04375,0.002575429597
1.044140625,-0.0015813929059999999
1.04453125,-0.0067852002049999995
1.044921875,-0.0032409492259999999
1.0453125,-0.007067080727
1.045703125,-0.01081511546
1.04609375,-0.0082269397580000004
1.046484375,-0.0085783752139999992
1.046875,-0.0097766724980000008
1.047265625,-0.0070780630850000009
1.04765625,-0.004645470788
1.048046875,-0.0025917698419999999
1.0484375,-0.0064172912119999995
1.048828125,-0.0055088061529999996
1.04921875,-0.0040957427570000003
1.049609375,-0.0022806030319999998
1.05,-0.0068773299860000001
1.050390625,0.0039189380589999996
1.05078125,0.0089177413420000011
1.051171875,0.0020452257579999999
1.0515625,0.013861632835
1.051953125,0.00053088061599999999
1.05234375,0.0047657998870000006
1.052734375,0.0092154852700000005
1.053125,0.012692011708
1.053515625,0.011692006999
1.05390625,0.010720068316
1.054296875,0.0065260278220000004
1.0546875,0.0026986760589999999
1.055078125,-0.0027497937710000003
1.05546875,0.0046364521150000001
1.055859375,0.0023484608650000001
1.05625,-0.0047247878179999996
1.056640625,0.00017090332600000003
1.05703125,0.00038810996200000004
1.057421875,-0.0055264999520000004
1.0578125,0.003247183828
1.058203125,-0.0040560842419999996
1.05859375,-0.0091000372190000005
1.058984375,-0.0086229147769999997
1.059375,-0.0090109580929999995
1.059765625,-0.0086247451699999998
1.06015625,-0.0045100217060000001
1.060546875,-0.0039407694829999996
1.0609375,-0.0074044831700000001
1.061328125,-0.0045332066839999996
1.06171875,-0.0039523619720000002
1.062109375,0.00024106839100000005
1.0625,0.0040086273159999995
1.062890625,-0.001781515874
1.06328125,-0.0037638314929999998
1.063671875,0.008090403706000001
1.0640625,0.00117395869
1.064453125,0.0023264961489999998
1.06484375,0.0033356528229999999
1.065234375,0.0096169514680000002
1.065625,0.01132043722
1.066015625,0.01061878657
1.06640625,0.01320574201
1.066796875,0.0048298636420000002
1.0671875,0.0012416832309999999
1.067578125,-0.002286704342
1.06796875,0.0048286433799999999
1.068359375,0.0077109022240000004
1.06875,0.00082984480599999997
1.069140625,-0.001592985395
1.06953125,-0.014704700585000001
1.069921875,-0.0083599483159999995
1.0703125,-0.00027266191099999983
1.070703125,-0.0068797705099999992
1.07109375,-0.0068199776720000004
1.071484375,-0.0080853893659999995
1.071875,-0.0093239552960000006
1.072265625,-0.0070658604650000005
1.07265625,-0.0059182040539999996
1.073046875,-0.0036015366470000003
1.0734375,-0.0052330269410000001
1.073828125,-0.0056924555840000002
1.07421875,-0.0026912211950000002
1.074609375,-0.0051012386449999997
1.075,0.0072331696509999998
1.075390625,0.00163765825
1.07578125,0.0079891219599999997
1.076171875,-0.00062409736699999994
1.0765625,0.0040293717699999999
1.076953125,0.0056724545530000003
1.07734375,0.0052020435519999995
1.077734375,0.013101409608999999
1.078125,0.0085815591610000005
1.078515625,0.012826240528000001
1.07890625,0.0072105948040000001
1.079296875,0.0054656201440000003
1.0796875,-0.0010621714249999998
1.080078125,0.0047798328999999994
1.08046875,-0.00061555553299999987
1.080859375,0.0037413899380000001
1.08125,-0.00047705579599999996
1.081640625,-0.0090219404510000004
1.08203125,-0.001892559716
1.082421875,-0.0039474809240000004
1.0828125,-0.0051842164609999996
1.083203125,-0.011807798596999999
1.08359375,-0.007334928236
1.083984375,-0.010514320876999999
1.084375,-0.0079816670959999992
1.084765625,-0.0045008697410000003
1.08515625,-0.0034965941150000004
1.085546875,-0.0049322323580000002
1.0859375,-0.0054362005639999999
1.086328125,-0.0025667544710000004
1.08671875,-0.0040756084339999997
1.087109375,-0.0030023880050000003
1.0875,0.0056846571729999998
1.087890625,0.0046047253030000006
1.08828125,0.002599224706
1.088671875,0.0071068725339999998
1.0890625,0.0095949867520000003
1.089453125,0.0023801876770000001
1.08984375,0.0086980941820000001
1.090234375,0.010815248752
1.090625,0.010463813295999999
1.091015625,0.0096181717299999997
1.09140625,0.008565085624000001
1.091796875,0.0012307008729999999
1.0921875,0.00089573895399999996
1.092578125,-0.0025533315889999996
1.09296875,0.0076736842329999996
1.093359375,0.0019537061079999999
1.09375,-0.0069584774089999999
1.094140625,-0.002093902946
1.09453125,-0.0046357086920000004
1.094921875,-0.0024410674850000001
1.0953125,-0.0064697624779999994
1.095703125,-0.0051457782080000002
1.09609375,-0.0079664138209999992
1.096484375,-0.0072476795029999992
1.096875,-0.0076052162690000008
1.097265625,-0.0040658463380000001
1.09765625,-0.0020377708939999998
1.098046875,-0.0053605443199999997
1.0984375,-0.0069230898110000001
1.098828125,-0.0014441134309999999
1.09921875,-0.005564328074
1.099609375,-0.00015795728299999997
